"job","firm","functional.area","type"
"Data Scientist","Digital Power","Data Science","Job"
"Healthcare consultant","Develop Consulting","Lean & SixSigma","Job"
"Internships","Simon-Kucher","Pricing","Internship"
"Senior Analyst","CIL Management Consultants","Strategy","Job"
"Senior Consultant | Energy & Natural Resources | Strategic Communications","FTI Consulting","Unknown","Job"
"Analyst","Enfuse Group","Digital","Job"
"Associate Consultant","Bain & Company","Strategy","Job"
"Principal Consultants","Q5","Strategy","Job"
"Senior Infrastructure & Cloud Services Advisor","West Monroe","Cloud","Job"
"Business Analyst","Humatica","Data Science","Job"
"Data Engineer","Valcon","Data Science","Job"
"Management Consultants","Collinson Grant","Process Management","Job"
"Senior Business Development Manager","Ayming","Sales","Job"
"Senior Strategist","The Upside","Strategy","Job"
"Analyst, satellite and space markets","Analysys Mason","Strategy","Job"
"Sourcing & Commercial Role","Coeus Consulting","Project Management","Job"
"Strategy& - Strategy Senior Associate","PwC","Strategy","Job"
"Director - Supply Chain Strategy & Transformation","Capgemini Invent","Strategy","Job"
"PH-4804; Test Automation Manager, Python / Azure","B2E Consulting","Unknown","Job"
"M&A Managing Partner UK","Marktlink","Unknown","Job"
"Associate","McKinsey & Company","Strategy","Job"
"PMO Lead","ThreeTwoFour","Project Management","Job"
"Consultant Treasury Technology","Zanders","Corporate Finance","Job"
"AWS Principal Architect","PA Consulting","Unknown","Job"
"Consultants and Senior Consultants","Procura Consulting","Project Management","Job"
"Intermediate Quantity Surveyor","Panoptic Consultancy Group","Project Management","Job"
"HR Manager","BearingPoint","Human Resources","Job"
"Manager - Technology","First Consulting","Mobile & Apps","Job"
"Independent Consultant ","dss+","Sustainability","Job"
"Business Development Manager UK","COMATCH","Sales","Job"
"Senior 3D/Motion Designer","Yonder Consulting","Marketing","Job"
"Internship / Work Placement","Skarbek Associates","Marketing","Internship"
"Experienced Hire","Fairgrove Partners","Strategy","Job"
"Senior Consultant - Local Government Strategy","Campbell Tickell","Strategy","Job"
"","Alvarez & Marsal","Management","Job"
"Analyst","Change Management Group","Process Management","Job"
"Consultant Roles (at all levels) – IT Advisory","Mason Advisory","Digital","Job"
"Director Client Services - Life Sciences","Genioo","Strategy","Job"
"Associate Director","Yonder Consulting","Project Management","Job"
"GCP Cloud Engineer","PA Consulting","Cloud","Job"
"Experienced Consultant, Mergers & Acquisitions","West Monroe","Mergers & Acquisitions","Job"
"Operational Technology Cyber Security Expert | Senior Manager | Dublin or Cork","PwC","IT Strategy","Job"
" Marketing Executive/Manager","Panoptic Consultancy Group","Marketing","Job"
"Director, Business Intelligence | Forensic & Litigation Consulting","FTI Consulting","Forensic & Litigation","Job"
"Consultant","Bain & Company","Strategy","Job"
"Consulting Roles","Q5","Strategy","Job"
"Associate Consultant","Analysys Mason","Digital","Job"
"Principal consultant","Change Management Group","Strategy","Job"
"Manufacturing and construction consultant","Develop Consulting","Lean & SixSigma","Job"
"Consultant Business & Technology","First Consulting","Digital","Job"
"PH-4779; German Speaking PMO Consultant","B2E Consulting","Unknown","Job"
"Business Development Manager – R&D Incentives","Ayming","Sales","Job"
"Senior Manager Treasury Technology","Zanders","Corporate Finance","Job"
"Manager","CIL Management Consultants","Strategy","Job"
"Manager and Senior Manager","Procura Consulting","Project Management","Job"
"Technology and Architecture Roles ","Coeus Consulting","Digital","Job"
"Marketing Assistant","ThreeTwoFour","Marketing","Job"
"Art Director","Capgemini Invent","Unknown","Job"
"Principal Strategist","The Upside","Strategy","Job"
"Business Analyst","McKinsey & Company","Strategy","Job"
"Consultant","Enfuse Group","Digital","Job"
"Supply Chain Operations Analyst","BearingPoint","Supply Chain","Job"
"Consultant Data Governance & Data Quality","Valcon","Data Science","Job"
"Internship Business Development UK","COMATCH","Sales","Internship"
"Marketing Executive","Genioo","Marketing","Job"
"Independent Consultants","Fairgrove Partners","Strategy","Job"
"Customer Experience Specialist","Digital Power","CRM","Job"
"Supply Chain Operations Consultant","BearingPoint","Supply Chain","Job"
"Cyber | Incident Response - Senior Manager","PwC","Cyber Security","Job"
"Contracts Manager","Panoptic Consultancy Group","Project Management","Job"
"Programme Director - Energy & Utilities","Capgemini Invent","Management","Job"
"RE-4803; Procurement Consultant with SC Clearance","B2E Consulting","Procurement","Job"
"Networks Consultant","PA Consulting","Unknown","Job"
"Project Manager - Life Sciences","Genioo","Project Management","Job"
"Junior Talent Acquisition Specialist","Zanders","Recruitment","Job"
"Lean consultant","Develop Consulting","Lean & SixSigma","Job"
"Strategy Director","The Upside","Strategy","Job"
"Managing Director, Mergers & Acquisitions","West Monroe","Mergers & Acquisitions","Job"
"Consultant, Business Intelligence | Forensic & Litigation Consulting","FTI Consulting","Forensic & Litigation","Job"
"Consultant","Change Management Group","Strategy","Job"
"Senior Consultant","Enfuse Group","Digital","Job"
"Cyber Security Consultant - Manager","ThreeTwoFour","Project Management","Job"
"Senior Data Principal","Valcon","Project Management","Job"
"Junior Associate","McKinsey & Company","Strategy","Job"
"Consultant: Operations Performance","Ayming","Procurement","Job"
"Generalist role","Coeus Consulting","Strategy","Job"
"Senior Statistical / Data Analyst","Yonder Consulting","Data Science","Job"
"Data Analyst","Digital Power","Data Science","Job"
"Innovation Consultants: All levels","Ayming","Finance","Job"
"Transactions Tax, Senior Consultant ","FTI Consulting","Management","Job"
"Cyber Security Consultant","BearingPoint","Cyber Security","Job"
"Technical Web Analyst","Digital Power","Digital","Job"
"Managing Consultant - Networks/Telecoms","PA Consulting","Unknown","Job"
"Deals | Forensic Accounting - Senior Manager","PwC","Forensic & Litigation","Job"
"Director, Research Practice","Yonder Consulting","Strategy","Job"
"Senior Consultant Treasury Technology","Zanders","Corporate Finance","Job"
"Salesforce System Administrator","Genioo","Data Science","Job"
"PH-4762; Senior Project Manager - Sales Expansion, EMEA","B2E Consulting","Sales","Job"
"Senior Consultant, Mergers & Acquisitions","West Monroe","Mergers & Acquisitions","Job"
"Director - ER&D Strategy & Transformation (Discrete/ Process industries)","Capgemini Invent","Strategy","Job"
"Senior Consultant - Cyber Security","ThreeTwoFour","Cyber Security","Job"
"Business Analytics Engineer","Valcon","Data Science","Job"
"Accounts Receivable Specialist","Yonder Consulting","Finance","Job"
"Management Consultants: All levels","Ayming","Change Management","Job"
"Cyber Security Analyst","ThreeTwoFour","Risk & Compliance","Job"
"Business & Technology Consultant","Valcon","Process Management","Job"
"Senior Project Manager - Life Sciences","Genioo","Project Management","Job"
"Data Engineer","Digital Power","Data Science","Job"
"Wireless Technology Intellectual Property (IP) Specialist","PA Consulting","Property Management","Job"
"MM-4797; Data Analyst, S&P","B2E Consulting","Data Science","Job"
"Director - Energy Transition","Capgemini Invent","Unknown","Job"
"Manager | Portfolio & Programme Management | Advisory | Dublin/Cork","PwC","Management","Job"
"Tax Depreciation, Senior Consultant","FTI Consulting","Finance","Job"
"Senior Python Specialist","Valcon","Software","Job"
"Business Development Director","Yonder Consulting","Sales","Job"
"Vice President Client Services - Life Sciences","Genioo","Strategy","Job"
"GCP Cloud Engineer","PA Consulting","Cloud","Job"
"Cyber Security Consultant | Cyber Consulting | Dublin or Cork","PwC","Cyber Security","Job"
"MM-4810; Senior Professional Services / Consultancy Procurement Manager","B2E Consulting","Procurement","Job"
"Consultant- Programme and Change Acceleration","Capgemini Invent","Change Management","Job"
"Identitiy & Access Management Project Manager","ThreeTwoFour","Project Management","Job"
"Transactions Tax, Senior Director","FTI Consulting","Unknown","Job"
"Consultant - Valuations, Disputes and Arbitration | Economic and Financial Consulting","FTI Consulting","Unknown","Job"
"PH-4808; Platform Engineer - AWS & Terraform","B2E Consulting","Unknown","Job"
"Associate Director, Research Practice","Yonder Consulting","Strategy","Job"
"Manager/Senior Manager - Energy & Utilities - Programme Management & Project Controls","Capgemini Invent","Management","Job"
"Consultant Business & Technology","Valcon","Process Management","Job"
"Senior Manager | Operational Excellence | Advisory | Dublin/Cork","PwC","Unknown","Job"
"Lead Technical Reviewer","PA Consulting","Unknown","Job"
"PH-4806; Senior Back End Developers","B2E Consulting","Unknown","Job"
"Resource Co-ordinator","PA Consulting","Unknown","Job"
"CyberArk Architect - Manager","PwC","Unknown","Job"
"Senior Director | Industrials & Special Situations | Strategic Communications","FTI Consulting","Unknown","Job"
"Senior DevOps Specialist","Valcon","Software","Job"
"Consultant / Senior Consultant - DevOps Architect - Business Technology (London/Manchester/Glasgow)","Capgemini Invent","IT Strategy","Job"
"Associate Director, Consulting Practice","Yonder Consulting","Strategy","Job"
"MM-4817; Business Analysts, Fixed Voice IMS & Mobile","B2E Consulting","Mobile & Apps","Job"
"Cloud Economics - Managing Consultant / Senior Manager (London/Manchester/Glasgow)","Capgemini Invent","Cloud","Job"
"Supply Chain Manager - Advisory Consulting - Dublin","PwC","Supply Chain","Job"
"Full Stack Engineer","PA Consulting","Unknown","Job"
"Senior Director | Analytics | Strategic Communications | London","FTI Consulting","Management","Job"
"Cyber | Azure IAM architect - Senior Manager","PwC","Cyber Security","Job"
"Physicist - Defence & Security","PA Consulting","Cyber Security","Job"
"Cloud Strategy - Managing Consultant / Senior Manager (London/Manchester/Glasgow)","Capgemini Invent","Strategy","Job"
"Senior Consultant, Managed Document Review | Technology","FTI Consulting","IT Strategy","Job"
"SAP Implementation Lead | Senior Manager | Technology Consulting | Advisory | Dublin/Cork","PwC","IT Strategy","Job"
"Cloud Operating Model - Managing Consultant / Senior Manager (London/Manchester/Glasgow)","Capgemini Invent","Cloud","Job"
"Senior Consultant I |Regulated Industries & Energy Markets| Economic & Financial Consulting","FTI Consulting","Unknown","Job"
"Full Stack Engineer","PA Consulting","Unknown","Job"
"SAP Solution Architect | Senior Manager | Technology Consulting | Advisory | Dublin/Cork","PwC","IT Strategy","Job"
"Manager/Senior Manager - Energy & Utilities - Equipment & Asset Management Advisory","Capgemini Invent","Management","Job"
"Third Party Risk Management Consultant","PA Consulting","Management","Job"
"Director, Export Controls & Sanctions | Forensic & Litigation Consulting","FTI Consulting","Forensic & Litigation","Job"
"Technical Support Engineer | Technology","FTI Consulting","IT Strategy","Job"
"IT Strategy Consultant","PA Consulting","Strategy","Job"
"Manager/Senior Manager - Energy & Utilities - Digital Engineering (London/Manchester/Glasgow)","Capgemini Invent","Digital","Job"
"Finance Transformation - Manager","PwC","Finance","Job"
"Revenue Accountant | Finance & Accounting | Core Operations","FTI Consulting","Finance","Job"
"Finance Transformation - Senior Associate","PwC","Finance","Job"
"Digital Workplace - Low Code No Code Consultant (London/Manchester/Glasgow)","Capgemini Invent","Digital","Job"
"Solution Architect","PA Consulting","Unknown","Job"
"Advisory Senior Manager | Portfolio and Programme Management | Dublin/Cork","PwC","Management","Job"
"Senior Revenue Accountant | Finance & Accounting | Core Operations","FTI Consulting","Finance","Job"
"Senior Manager - Energy & Utilities - Transformation (Digital Strategy/Platform Architecture)","Capgemini Invent","Unknown","Job"
"AWS Engineer","PA Consulting","Unknown","Job"
"Consultant | Industrials & Special Situations | Strategic Communications","FTI Consulting","Unknown","Job"
"GCP-Cloud Architect","PA Consulting","Unknown","Job"
"Manager/Senior Manager - Energy & Utilities - Customer Experience (London/Manchester/Glasgow)","Capgemini Invent","Unknown","Job"
"Financial Services Advisory | Senior Associate | Banking (Risk)","PwC","Unknown","Job"
"Manager/Senior Manager - Energy & Utilities - Sector Transformation","Capgemini Invent","Unknown","Job"
"Financial Services Advisory | Senior Associate | Banking (Digital Banking)","PwC","Unknown","Job"
"Data Scientist","PA Consulting","Data Science","Job"
"Team Assistant | Regional Leads | Core Operations","FTI Consulting","Unknown","Job"
"Hardware Engineer","PA Consulting","Unknown","Job"
"Consultant - Valuations, Disputes and Arbitration | Energy |Economic and Financial Consulting","FTI Consulting","Management","Job"
"Financial Services Advisory | Senior Associate | Banking (Retail Banking Operations)","PwC","Unknown","Job"
"Consultant / Senior Consultant - Digital Business Architect (London/Manchester/Glasgow)","Capgemini Invent","Digital","Job"
"Financial Services Advisory | Manager | Banking (Risk)","PwC","Unknown","Job"
"Benefits Advisor | Human Resources | Core Operations","FTI Consulting","Human Resources","Job"
"AWS Alliance Manager","PA Consulting","Unknown","Job"
"DevOps Engineer Consultant (London/Manchester/Glasgow)","Capgemini Invent","Software","Job"
"Software Engineer - C ++","PA Consulting","Software","Job"
"Financial Services Advisory | Manager | Banking (Transaction Enablement and Migration)","PwC","Unknown","Job"
"Service Designer - Digital Factory (London/Manchester/Glasgow)","Capgemini Invent","Digital","Job"
"Marketing Executive | Forensic & Litigation Consulting","FTI Consulting","Marketing","Job"
"Cloud Operating Model - Consultant / Senior Consultant (London/Manchester/Glasgow)","Capgemini Invent","Cloud","Job"
"PR Manager","PA Consulting","Unknown","Job"
"Financial Services Advisory | Manager | Banking (Corporate Banking Operations)","PwC","Unknown","Job"
"Executive Assistant, Business Transformation, London","FTI Consulting","Unknown","Job"
"Cloud Economics - Consultant / Senior Consultant (London/Manchester/Glasgow)","Capgemini Invent","Cloud","Job"
"Director, Managed Document Review | Technology","FTI Consulting","IT Strategy","Job"
"Finance Associate - Accounts Payable, 12 month contract","PA Consulting","Finance","Job"
"Advisory - Asset & Wealth Management - Senior Manager","PwC","Management","Job"
"Strategy& - Strategy Senior Manager I Dublin","PwC","Strategy","Job"
"EMEA Benefits Manager | Human Resources | Core Operations","FTI Consulting","Human Resources","Job"
"Cloud Strategy - Consultant / Senior Consultant (London/Manchester/Glasgow)","Capgemini Invent","Strategy","Job"
"Lead Software Engineer","PA Consulting","Software","Job"
"Manager/Senior Manager - Energy & Utilities - Water (London/Manchester/Glasgow)","Capgemini Invent","Unknown","Job"
"Senior Consultant, Transaction Advisory Services | Corporate Finance & Restructuring","FTI Consulting","Corporate Finance","Job"
"Dynamics 365 CRM Developer","PA Consulting","CRM","Job"
"Cloud Security Senior Manager | Cyber Advisory | Dublin or Cork","PwC","Cyber Security","Job"
"Commercial & Procurement Specialist","PA Consulting","Procurement","Job"
"Financial Services - Advisory | Senior Manager | Dublin or Cork","PwC","Unknown","Job"
"Content Designer - Digital Factory (London/Manchester/Glasgow)","Capgemini Invent","Digital","Job"
"HR Business Partner (15 month FTC maternity cover)","FTI Consulting","Human Resources","Job"
"AWS DevOps Engineer","PA Consulting","Software","Job"
"Senior Director | Sustainability Communications | Strategic Communications | London","FTI Consulting","Unknown","Job"
"Manager/Senior Manager - Energy & Utilities - Water (Glasgow)","Capgemini Invent","Unknown","Job"
"Specialist - Advisory Operate - Dublin/Cork, Ireland","PwC","Unknown","Job"
"Executive Assistant (9-month Fixed Term Maternity Contract) | Financial & Professional Services | Strategic Communications ","FTI Consulting","Management","Job"
"AWS Engineer","PA Consulting","Unknown","Job"
"Technical Business Analyst | Senior Associate | Technology Consulting | Advisory Dublin/Cork","PwC","IT Strategy","Job"
"Full Stack Engineer Consultant (London/Manchester/Glasgow)","Capgemini Invent","Unknown","Job"
"Senior Legal Counsel | Legal & Risk | Core Operations","FTI Consulting","Risk & Compliance","Job"
"Management Consultant -Retail Commercial Transformation - London/Manchester/Glasgow","Capgemini Invent","Management","Job"
"AWS Data Engineer","PA Consulting","Data Science","Job"
"Technology Consulting | Senior Associate | Advisory | Dublin/Cork","PwC","IT Strategy","Job"
"GCP Cloud Architect","PA Consulting","Cloud","Job"
"Legal Counsel (12 month FTC)| Legal & Risk | Core Operations","FTI Consulting","Risk & Compliance","Job"
"Technology Consulting | Senior Associate, Manager & Senior Manager | Advisory | Cork","PwC","IT Strategy","Job"
"Senior Support Enginner","PA Consulting","Unknown","Job"
"Sustainable Finance Regulation Implementation | Manager Consulting | Dublin or Cork","PwC","Finance","Job"
"Director, Forensic Accounting Advisory Services | Forensic and Litigation Consulting","FTI Consulting","Forensic & Litigation","Job"
"Supply Chain Senior Manager | Advisory Consulting | Dublin/Cork","PwC","Supply Chain","Job"
"Senior Consultant | Forensic Accounting Advisory Services | Forensic & Litigation Consulting","FTI Consulting","Forensic & Litigation","Job"
"DevOps Engineer","PA Consulting","Software","Job"
"Director | Financial Services, Strategic Communications","FTI Consulting","Unknown","Job"
"Advisory Senior Associates | Portfolio and Programme Management Dublin","PwC","Management","Job"
"QA Engineer","PA Consulting","Unknown","Job"
"Technology Solution Architect | Manager | Advisory Consulting - Dublin/Cork","PwC","IT Strategy","Job"
"Marketing Executive | Communications & Marketing | Core Operations","FTI Consulting","Marketing","Job"
"Lead Software Engineer","PA Consulting","Software","Job"
"Support Engineer","PA Consulting","Unknown","Job"
"Consultant | Financial Services, Strategic Communications","FTI Consulting","Unknown","Job"
"Pre-Sales Application Engineer","PA Consulting","Unknown","Job"
"Consultant | Energy | Strategic Communications ","FTI Consulting","Management","Job"
"Consultant | Technology, Media & Telecom, Strategic Communications","FTI Consulting","Unknown","Job"
"MC - AWS Pre-Sales - Alliance","PA Consulting","Unknown","Job"
"Consultant - Economics, Econometrics and Disputes | Economic & Financial Consulting","FTI Consulting","Unknown","Job"
"IT Sourcing Consultant","PA Consulting","Procurement","Job"
"MC - Intellectual Property Advisory - Networks","PA Consulting","Property Management","Job"
"Executive Assistant (12 Months FTC)| People and Transformation, Strategic Communications","FTI Consulting","Management","Job"
"Director | Financial Services, Strategic Communications","FTI Consulting","Unknown","Job"
"Operational Resilience Consultant - Financial Services","PA Consulting","Unknown","Job"
"Senior HR Advisor | Human Resources | Core Operations","FTI Consulting","Human Resources","Job"
"Cloud security Architect","PA Consulting","Cyber Security","Job"
"Lead Software Engineer","PA Consulting","Software","Job"
"Executive Assistant (12 months fixed term contract)| Economic and Financial Consulting","FTI Consulting","Unknown","Job"
"Digital Campaigns and Social Media Lead","PA Consulting","Digital","Job"
"Senior Advisor | Human Resources | Core Operations","FTI Consulting","Human Resources","Job"
"Data Privacy Specialist","PA Consulting","Data Science","Job"
"Consultant | Financial Services, Strategic Communications","FTI Consulting","Unknown","Job"
"Senior Consultant, e-Discovery | Technology","FTI Consulting","IT Strategy","Job"
"DevOps Engineer","PA Consulting","Software","Job"
"Workday HCM Lead","PA Consulting","Human Resources","Job"
"Senior Consultant, Restructuring Tax","FTI Consulting","Restructuring","Job"
"Consultant/Senior Consultant, Data Science ","FTI Consulting","Management","Job"
"Customer Success & Support Manager","PA Consulting","Unknown","Job"
"Senior Director | ESG, Strategic Communications","FTI Consulting","Unknown","Job"
"Service Desk Analyst","PA Consulting","Unknown","Job"
"Project Assistant, Business Intelligence | Forensic & Litigation Consulting","FTI Consulting","Forensic & Litigation","Job"
"Sourcing and Procurement Consultant","PA Consulting","Procurement","Job"
"Accounts Assistant","PA Consulting","Unknown","Job"
"Senior Consultant/Consultant - Valuations, Disputes and Arbitration | Economic and Financial Consulting","FTI Consulting","Unknown","Job"
"UX/UI Designer","PA Consulting","Unknown","Job"
"Consultant - Valuations, Disputes and Arbitration | Economic and Financial Consulting","FTI Consulting","Unknown","Job"
"Lead UX/UI Designer","PA Consulting","Unknown","Job"
"Global Data Privacy Director","FTI Consulting","Data Science","Job"
"Senior/Principal Fraud Consultant","PA Consulting","Unknown","Job"
"Manager, Risk and Compliance | Legal |Core Operations","FTI Consulting","Risk & Compliance","Job"
"Senior Consultant, Life Actuarial Consulting | Forensic & Litigation Consulting","FTI Consulting","Forensic & Litigation","Job"
"Hydrogen Technology Expert","PA Consulting","IT Strategy","Job"
"Director, Digital Forensics | Technology","FTI Consulting","Digital","Job"
"Global Performance Appraisal Specialist","PA Consulting","Performance Management","Job"
"Penetration Tester","PA Consulting","Unknown","Job"
"Consultant | Digital and Insights | Strategic Communications","FTI Consulting","Digital","Job"
"Senior Recruiter | Core Operations","FTI Consulting","Unknown","Job"
"Penetration Tester","PA Consulting","Unknown","Job"
"Corporate Accountant, Finance & Accounting | Core Operations ","FTI Consulting","Management","Job"
"Senior Financial Crime Transformation Consultant","PA Consulting","Unknown","Job"
"EMEA Senior Recruiter | Core Ops","FTI Consulting","Unknown","Job"
"Digital Delivery Lead","PA Consulting","Digital","Job"
"Lead Sourcing Specialist (Talent Acquisition)","FTI Consulting","Procurement","Job"
"AWS DevOps Engineer","PA Consulting","Software","Job"
"Java Engineer","PA Consulting","Software","Job"
"Real Estate Tax Advisory, Senior Consultant ","FTI Consulting","Management","Job"
"Director, Digital Science | Corporate Finance & Restructuring","FTI Consulting","Corporate Finance","Job"
"AWS Engineer","PA Consulting","Unknown","Job"
"Managing Director Digital Delivery/Transformation | Corporate Finance & Restructuring","FTI Consulting","Corporate Finance","Job"
"Java Engineer","PA Consulting","Software","Job"
"Conduct Risk Consultant – Risk & Regulation","PA Consulting","Risk & Compliance","Job"
"Managing Director | Forensic Accounting & Advisory Services, Forensic & Litigation Consulting","FTI Consulting","Management","Job"
"HR Business Partner, Human Resources | Core Operations","FTI Consulting","Human Resources","Job"
"Financial Crime Technology Consultant","PA Consulting","IT Strategy","Job"
"Software Development Consultant Apprentice","PA Consulting","Software","Job"
"Senior Consultant | Capital Markets |Economic and Financial Consulting","FTI Consulting","Unknown","Job"
"Consultant | Capital Markets | Economic and Financial Consulting","FTI Consulting","Unknown","Job"
"Managing Consultant - Financial Services - Insurance (non-Life)","PA Consulting","Unknown","Job"
"Managing Consultant - Financial Services - Life and Pensions","PA Consulting","Unknown","Job"
"VAT Director/Senior Director (Full-time/Part-time)","FTI Consulting","Unknown","Job"
"Senior Technical Project Administrator","PA Consulting","Unknown","Job"
"Director, Clean Energy | Corporate Finance & Restructuring","FTI Consulting","Corporate Finance","Job"
"Senior Consultant - People and Change - Defence & Security","PA Consulting","Human Resources","Job"
"Finance Manager, LLP Accounting | Core Operations","FTI Consulting","Finance","Job"
"Project, Programme and Portfolio Managers and Business Case Experts - PST","PA Consulting","Unknown","Job"
"Senior Director, Transaction Advisory Services | Corporate Finance & Restructuring","FTI Consulting","Corporate Finance","Job"
"Senior Consultant | Analytics | Strategic Communications","FTI Consulting","Data Science","Job"
"QA Engineer","PA Consulting","Unknown","Job"
"Senior Director | Data Science | Strategic Communications","FTI Consulting","Data Science","Job"
"Executive Assistant - Temp to Perm","PA Consulting","Unknown","Job"
"Agile Consultant - Lean Portfolio Management","PA Consulting","Management","Job"
"Legal Counsel EMEA, Legal & Risk | Core Operations ","FTI Consulting","Management","Job"
"Systems Engineering Consultant","PA Consulting","Unknown","Job"
"Senior Consultant (IT), Business Transformation | Corporate Finance & Restructuring ","FTI Consulting","Management","Job"
" International/Corporate Tax, Senior Director","FTI Consulting","Management","Job"
"Java Engineer","PA Consulting","Software","Job"
"Commercial Finance Project Administrator","PA Consulting","Finance","Job"
"Consultant, Business Transformation | Corporate Finance & Restructuring ","FTI Consulting","Management","Job"
"AWS Analytics and Machine Learning Engineer","PA Consulting","Human Resources","Job"
"Commercial Finance Project Administrator","PA Consulting","Finance","Job"
"Data Scientist Consultant","PA Consulting","Data Science","Job"
"Group Financial Accountant","PA Consulting","Unknown","Job"
"Enterprise Solutions Director","PA Consulting","Unknown","Job"
"Cloud Security Controls Expert","PA Consulting","Cyber Security","Job"
"Senior Data Analyst","PA Consulting","Data Science","Job"
"Data Manager Consultant","PA Consulting","Data Science","Job"
"Senior Data Strategist","PA Consulting","Data Science","Job"
"Commercial Finance Project Administrator (FTC)","PA Consulting","Finance","Job"
"Systems Architect","PA Consulting","Unknown","Job"
"Employment Tax Manager","PA Consulting","Finance","Job"
"AWS Data Engineer","PA Consulting","Data Science","Job"
"Operational Technology Cyber Security Consultant","PA Consulting","IT Strategy","Job"
"Principal Data Strategist Consultant","PA Consulting","Data Science","Job"
"Senior Data Manager","PA Consulting","Data Science","Job"
"Data Analyst Consultant","PA Consulting","Data Science","Job"
