"pac_name_affiliate","country","parent","total","dems","repubs","year"
"7-Eleven","Japan","Seven & I Holdings",5500,1000,4500,"2018"
"ABB Group (ABB Group)","Switzerland","Asea Brown Boveri",10500,4000,6500,"2018"
"Accenture (Accenture)","Ireland","Accenture plc",177000,80500,96500,"2018"
"Advance America Cash Advance Centers (Grupo Salinas)","Mexico","Grupo Salinas",89000,9000,80000,"2018"
"Air Liquide America","France","L'Air Liquide SA",49512,7000,42512,"2018"
"Airbus Group","Netherlands","Airbus Group",191500,65500,126000,"2018"
"Alkermes Inc","Ireland","Alkermes Plc",165000,65500,99500,"2018"
"Allergan Inc (Allergan PLC)","Ireland","Allergan PLC",157500,26000,131500,"2018"
"Allianz of America (Allianz)","Germany","Allianz AG Holding",89750,29950,59800,"2018"
"AMG Vanadium","Netherlands","AMG Advanced Metallurgical Group",2000,0,2000,"2018"
"Anheuser-Busch (Anheuser-Busch InBev)","Belgium","Anheuser-Busch InBev",495000,241000,254000,"2018"
"AON Corp (AON plc)","UK","AON PLC",112200,39500,72700,"2018"
"APL Ltd (CMA CGM)","France","CMA CGM SA",7500,2000,5500,"2018"
"APL Maritime (CMA CGM)","France","CMA CGM SA",12500,6000,5500,"2018"
"Aptiv PLC","Ireland","Aptiv PLC",5000,2000,3000,"2018"
"Arcadis US (Arcadis NV)","Netherlands","Arcadis NV",250,250,0,"2018"
"ArcelorMittal USA","Luxembourg","ArcelorMittal",54500,25500,29000,"2018"
"Arch Capital Group (US)","UK","Arch Capital Group",11500,4000,7500,"2018"
"Arkema Inc","France","Arkema",58500,26000,32500,"2018"
"Ash Grove (CRH Plc)","Ireland","CRH PLC",44500,0,44500,"2018"
"Ashta Chemicals","Mexico","Bigshire Mexico",0,0,0,"2018"
"Ashton Woods Homes","Canada","Great Gulf Group",2500,0,2500,"2018"
"Assured Guaranty Municipal Corp (Assured Guaranty Corp)","UK","Assured Guaranty Ltd",2700,0,2700,"2018"
"Astellas US","Japan","Astellas Pharma",185700,75000,110700,"2018"
"AstraZeneca Pharmaceuticals (AstraZeneca PLC)","UK","AstraZeneca PLC",358500,136500,222000,"2018"
"Atkins North America","UK","SNC-Lavalin",9000,0,9000,"2018"
"Austal USA (Austal Ltd)","Australia","Austal Ltd",45600,11100,34500,"2018"
"Avangrid Inc (Iberdrola SA)","Spain","Iberdrola SA",109500,65000,41000,"2018"
"AXA Equitable Life Insurance (AXA)","France","AXA",119500,38500,81000,"2018"
"Bacardi USA","UK","Bacardi Ltd",46000,20500,24500,"2018"
"BAE Systems (BAE Systems)","UK","BAE Systems",611500,229000,378500,"2018"
"Barclays Group US","UK","Barclays plc",208238,80500,124738,"2018"
"Barrick Goldstrike Mines","Canada","Barrick Gold Corp",63000,31000,32000,"2018"
"BASF Corp","Germany","BASF SE",638875,301625,337250,"2018"
"Bayer Corp (Bayer AG)","Germany","Bayer AG",278000,86500,191500,"2018"
"BBVA Compass","Spain","Banco Bilbao Vizcaya Argentaria",250500,69500,181000,"2018"
"Beam Suntory (Suntory Holdings)","Japan","Suntory Holdings",29070,4000,25070,"2018"
"BMO Financial Corp (Bank of Montreal)","Canada","Bank of Montreal",0,0,0,"2018"
"BMO Financial Corp (Bank of Montreal)","Canada","Bank of Montreal",106984,42500,64484,"2018"
"BMO Harris Bank (Bank of Montreal)","Canada","Bank of Montreal",61765,38460,23305,"2018"
"Boehringer Ingelheim Corp","Germany","CH Boehringer Sohn",123500,61500,62000,"2018"
"Bombardier Transportation USA (Bombardier Inc)","Canada","Bombardier Inc",40500,20500,20000,"2018"
"BP North America","UK","BP PLC",348500,117000,231500,"2018"
"Bridgestone Americas","Japan","Bridgestone Corp",28000,6000,22000,"2018"
"Brightspring Health Services (Onex Corp)","Canada","Onex Corp",9950,2700,7250,"2018"
"Bumble Bee Foods","UK","Lion Capital",8000,2000,6000,"2018"
"Buzzi Unicem USA (Buzzi Unicem SpA)","Italy","Buzzi Unicem SpA",0,0,0,"2018"
"CalPortland Co","Japan","Taiheiyo Cement Co",103500,6000,97500,"2018"
"Cardtronics Inc","UK","Cardtronics Plc",2500,0,2500,"2018"
"Carmeuse Lime","Netherlands","Carmeuse SA",0,0,0,"2018"
"Case New Holland","Netherlands","CNH Industrial",92000,8000,84000,"2018"
"CEMEX Inc","Mexico","CEMEX SAB de CV",279000,47000,232000,"2018"
"CGI Technologies & Solutions","Canada","CGI Group",44500,20500,24000,"2018"
"Chicago Bridge & Iron (McDermott International)","Panama","McDermott International",91500,24500,67000,"2018"
"Chubb Group of Insurance Companies","Switzerland","Chubb Ltd",205000,79000,126000,"2018"
"CIBC Bancorp","Canada","Canadian Imperial Bank of Commerce",2000,0,2000,"2018"
"Cirrus Aircraft Corp","China","Aviation Industry Corp of China",6000,2000,4000,"2018"
"CMOC Mining USA (China Molybdenum Co)","China","China Molybdenum Co",1500,0,1500,"2018"
"Cobham Management Services","UK","Cobham PLC",176500,57500,119000,"2018"
"Columbia Pipeline Group (TransCanada Corp)","Canada","TransCanada Corp",500,3500,-3000,"2018"
"Commonwealth-Altadis (Imperial Brands)","UK","Imperial Tobacco Group",0,0,0,"2018"
"Continental Automotive Systems (Continental AG)","Germany","Continental AG",122000,47500,74500,"2018"
"Covestro LLC (Covestro AG)","Germany","Covestro AG",35000,9500,25500,"2018"
"Credit Suisse Securities","Switzerland","Credit Suisse Group",364000,187500,176500,"2018"
"CRH Americas (CRH PLC)","Ireland","CRH PLC",468750,149000,319750,"2018"
"CSL Behring","Australia","CSL Ltd",83500,23000,60500,"2018"
"Daiichi Sankyo Inc","Japan","Daiichi Sanyko",75500,30000,45500,"2018"
"Daimler Trucks North America (Daimler AG)","Germany","Daimler AG",4000,2000,2000,"2018"
"Delhaize America","Belgium","Ahold Delhaize",20750,6250,12000,"2018"
"Deutsche Bank Securities","Germany","Deutsche Bank AG",16500,5000,11500,"2018"
"DHL (Deutsche Post AG)","Germany","Deutsche Post AG",0,0,0,"2018"
"Diageo North America (Diageo PLC)","UK","Diageo PLC",58085,32821,25264,"2018"
"Direct Energy Inc","UK","Centrica Plc",33500,9000,24500,"2018"
"Eaton Corp (Eaton Corp)","Ireland","Eaton Plc",58000,9000,49000,"2018"
"EDF Renewables (EDF Group)","France","EDF Group",34000,11500,22500,"2018"
"EDP Renewables NA","Portugal","EDP - Energias de Portugal",21500,8500,11500,"2018"
"Eisai Inc","Japan","Eisai Co Ltd",29000,13000,16000,"2018"
"Elbit Systems of America","Israel","Elbit Systems Ltd",79500,13500,66000,"2018"
"Elekta Inc (Elekta AB)","Sweden","Elekta AB",48000,23500,24500,"2018"
"Embraer Aircraft Holdings","Brazil","Embraer-Empresa Brasileira de Aeronautic",37500,7500,30000,"2018"
"EMD Serono Inc","Germany","Merck KGaA",169000,84000,85000,"2018"
"Empire District Electric (Algonquin Power & Utilities)","Canada","Algonquin Power & Utilities",4500,0,4500,"2018"
"Empower Retirement (Power Financial Corp)","Canada","Power Financial Corp",30500,7500,23000,"2018"
"Enbridge Inc","Canada","Enbridge Inc",120200,21500,92200,"2018"
"EnCana Oil & Gas USA","Canada","EnCana Corp",24500,7000,17500,"2018"
"Endo Pharmaceuticals","Ireland","Endo International",88500,26000,62500,"2018"
"ENGIE North America","France","ENGIE",4500,1000,2500,"2018"
"Ericsson Inc","Sweden","Telefonaktiebolaget LM Ericsson",12500,2000,10500,"2018"
"Essent US Holdings","UK","Essent Group",6000,1000,5000,"2018"
"Experian","UK","Experian",552000,186500,365500,"2018"
"Farmers Group (Zurich Insurance Group)","Switzerland","Zurich Financial Services AG",348700,103000,245700,"2018"
"Fincantieri Marinette Marine","Italy","Fincantieri-Cantieri Navali Italiani SpA",19500,6000,13500,"2018"
"Florida East Coast Industries (SoftBank Corp)","Japan","SoftBank Corp",79000,20500,58500,"2018"
"Florida East Coast Railway (Grupo Mexico)","Mexico","Grupo Mexico",8780,3640,5140,"2018"
"FMC Technologies","UK","TechnipFMC plc",-3000,0,-3000,"2018"
"Framatome (EDF Group)","France","EDF Group",50500,20000,30500,"2018"
"Fresenius Medical Care North America","Germany","Fresenius Medical Care",323000,149000,174000,"2018"
"G4S Secure Solutions","UK","G4S plc",15000,5000,10000,"2018"
"Garmin International (Garmin Ltd)","Switzerland","Garmin Ltd",37400,10500,26900,"2018"
"GE Appliances","China","Haier Group",24000,4500,19500,"2018"
"Genentech Inc (Roche Holdings)","Switzerland","Roche Holdings",573000,232000,341000,"2018"
"General Cigar Co","Sweden","Scandinavian Tobacco Group",0,0,0,"2018"
"Gerdau Ameristeel Corp","Brazil","Gerdau Inc",8500,5000,3500,"2018"
"Glanbia Foods (Glanbia PLC)","Ireland","Glanbia PLC",750,0,750,"2018"
"GlaxoSmithKline","UK","GlaxoSmithKline",320250,138500,181750,"2018"
"Glover Park Group (WPP Group)","UK","WPP Group",143200,94700,48000,"2018"
"Grand Trunk Western-Illinois Central RR","Canada","Canadian National Railway",12500,0,12500,"2018"
"Great-West Life & Annuity Insurance (Power Financial Corp)","Canada","Power Financial Corp",1500,0,1500,"2018"
"Greyhound Lines","UK","FirstGroup PLC",17500,8500,9000,"2018"
"Headwaters Inc","Australia","Boral Ltd",14507,1,14506,"2018"
"Heineken USA","Netherlands","L'Arche Green NV",47750,21250,26500,"2018"
"Herbalife Nutrition","UK","Herbalife Ltd",149219,67519,81700,"2018"
"Hoffmann-La Roche (Roche Holdings)","Switzerland","Roche Holdings",55500,16500,39000,"2018"
"Holcim US (LafargeHolcim)","Switzerland","LaFargeHolcim",106000,29000,77000,"2018"
"Horizon Pharma USA","Ireland","Horizon Pharma PLC",81200,42700,38500,"2018"
"HSBC North America (HSBC Holdings)","UK","HSBC Holdings",1000,0,1000,"2018"
"HSBC North America (HSBC Holdings)","UK","HSBC Holdings",164000,76500,87500,"2018"
"IDEMIA Identity & Security (IDEMIA)","France","IDEMIA",30456,7500,22956,"2018"
"IGT Global Solutions","Italy","B&D Holding Di Marco Drago e C Sapa",65500,29000,36500,"2018"
"Infineon Technologies","Germany","Infineon Technologies AG",2000,1000,1000,"2018"
"Ingersoll-Rand","Ireland","Ingersoll Rand Co",33500,13100,20400,"2018"
"Intelsat Holdings (Serafina SA)","Luxembourg","Serafina SA",45500,17500,28000,"2018"
"Intergraph Corp","Sweden","Hexagon AB",2500,0,2500,"2018"
"ITG Brands (Imperial Brands)","UK","Imperial Brands",165500,27000,138500,"2018"
"Jackson National Life Insurance (Prudential PLC)","UK","Prudential PLC",12000,5000,7000,"2018"
"Jackson National Life Insurance (Prudential PLC)","UK","Prudential PLC",263489,66500,196989,"2018"
"JBS USA","Brazil","JBS SA",46000,2000,44000,"2018"
"John Hancock Life Insurance","Canada","Manulife Financial",118200,62000,55200,"2018"
"Johnson Controls (Johnson Controls International)","Ireland","Johnson Controls International",240500,121000,117500,"2018"
"Johnson Controls (Johnson Controls International)","Ireland","Johnson Controls International",1000,0,1000,"2018"
"Kawasaki Heavy Industries","Japan","Kawasaki Heavy Industries",500,0,500,"2018"
"Komatsu Mining","Japan","Komatsu Ltd",17760,1000,16760,"2018"
"Lanxess Corp (Lanxess AG)","Germany","Lanxess AG",250,0,250,"2018"
"Lehigh Hanson","Germany","HeidelbergCement AG",159000,13500,145500,"2018"
"Leonardo DRS","Italy","Leonardo SpA",198500,60000,138500,"2018"
"Lincare Holdings (Linde AG)","Germany","Linde AG",3000,1000,2000,"2018"
"Linde North America (Linde AG)","Germany","Linde AG",109000,43500,65500,"2018"
"Livanova Inc","UK","Livanova Plc",0,0,0,"2018"
"Louis Dreyfus Co","Netherlands","Louis Dreyfus Group",13000,0,13000,"2018"
"LSEG US","UK","London Stock Exchange Group",16500,8000,8500,"2018"
"Lundbeck Inc","Denmark","H Lundbeck A/S",71500,33500,38000,"2018"
"LyondellBasell Industries","Netherlands","LyondellBasell Industries",116000,18000,98000,"2018"
"M-E Companies","Canada","IBI Group",0,0,0,"2018"
"Maersk Inc (AP Moller-Maersk)","Denmark","AP Moller-Maersk",56000,25500,29500,"2018"
"Magna US","Canada","Magna International",0,0,0,"2018"
"Magnolia LNG","Australia","LNG Limited",4500,0,4500,"2018"
"Mallinckrodt Pharmaceuticals","UK","Mallinckrodt Plc",265000,105000,160000,"2018"
"Massachusetts Financial Services (Sun Life Financial)","Canada","Sun Life Financial Services",23246,10246,13000,"2018"
"Maxar Technologies (Maxar Technologies)","Canada","Maxar Technologies",113500,34500,76500,"2018"
"Maxar Technologies Holdings (Maxar Technologies)","Canada","Maxar Technologies",7000,4000,3000,"2018"
"MBDA Inc","UK","MBDA",6000,0,6000,"2018"
"Medimmune Inc (AstraZeneca PLC)","UK","AstraZeneca PLC",0,0,0,"2018"
"Medtronic Inc","Ireland","Medtronic Plc",293000,133000,159000,"2018"
"MillerCoors LLC (Molson Coors Brewing)","Canada","Molson Coors Brewing",163000,62000,101000,"2018"
"Miraca Life Sciences","Japan","Miraca Holdings",0,0,0,"2018"
"Mitsubishi Hitachi Power Systems","Japan","Mitsubishi Hitachi Power Systems",23400,0,23400,"2018"
"Monsanto Co (Bayer AG)","Germany","Bayer AG",349500,114500,235000,"2018"
"MUFG Americas","Japan","Mitsubishi UFJ Financial Group",2500,2500,0,"2018"
"Munich American Reassurance","Germany","Munich Re Group",0,0,0,"2018"
"Mylan Inc","Netherlands","Mylan NV",83000,33500,49500,"2018"
"Nammo Talley Inc","Norway","Nammo AS",19500,4500,15000,"2018"
"National Cement Co","France","Vicat Group",1000,0,1000,"2018"
"National Grid USA (National Grid plc)","UK","National Grid plc",61500,45500,16000,"2018"
"Natixis Investment Managers","France","Groupe BPCE",18500,10500,8000,"2018"
"Nestle Purina PetCare (Nestle SA)","Switzerland","Nestle SA",23750,9750,14000,"2018"
"Nomura Holding America","Japan","Nomura Holdings",113500,48000,65500,"2018"
"NOVA Chemicals","United Arab Emirates","International Petroleum Investment Co",0,0,0,"2018"
"Novartis Corp (Novartis AG)","Switzerland","Novartis AG",293000,166000,127000,"2018"
"Novo Nordisk","Denmark","Novo Nordisk A/S",405938,188000,217938,"2018"
"Novocure Inc","UK","Novocure",52200,6700,45500,"2018"
"Nutrien Ltd","Canada","Nutrien Ltd",8000,0,8000,"2018"
"Orano USA (Orano Group)","France","Orano Group",11000,2500,8500,"2018"
"Otsuka America (Otsuka Pharmaceutical)","Japan","Otsuka Pharmaceutical",83000,45000,38000,"2018"
"Permobil Inc (Investor AB)","Sweden","Investor AB",8500,1000,7500,"2018"
"Pernod Ricard USA","France","Pernod Ricard SA",23700,3000,20700,"2018"
"Peter Pan Seafoods","Japan","Maruha Nichiro Holdings",1500,0,1500,"2018"
"Pharmavite LLC (Otsuka Pharmaceutical)","Japan","Otsuka Pharmaceutical",81000,41000,40000,"2018"
"Philips Electronics North America (Philips)","Netherlands","Philips",66000,33000,33000,"2018"
"Prime Policy Group (WPP Group)","UK","WPP Group",40250,15750,24000,"2018"
"Protective Life Corp (Dai-Ichi Life)","Japan","Dai-Ichi Life",64500,17700,46800,"2018"
"Putnam Investments (Power Financial Corp)","Canada","Power Financial Corp",8941,0,8941,"2018"
"RBC Bank (Royal Bank of Canada)","Canada","Royal Bank of Canada",59500,35000,24500,"2018"
"Recurrent Energy","Canada","Canadian Solar",2000,1000,1000,"2018"
"RELX Inc","UK","RELX Group",207600,98500,109100,"2018"
"Renewable Energy Systems Americas","UK","Renewable Energy Systems",15051,1000,13551,"2018"
"Resolute FP US","Canada","Resolute Forest Products",80700,12200,67500,"2018"
"Reynolds American (British American Tobacco)","UK","British American Tobacco plc",380000,34000,346000,"2018"
"Rio Tinto America","UK","Rio Tinto Group",12500,4500,8000,"2018"
"Roho Group (Investor AB)","Sweden","Investor AB",500,500,0,"2018"
"Rolls-Royce North America (Rolls-Royce PLC)","UK","Rolls-Royce PLC",303500,78500,225000,"2018"
"Safelite Group","Belgium","D'Ieteren SA",5700,1000,4700,"2018"
"Samsung Electronics America","South Korea","Samsung Group",143000,72500,70500,"2018"
"Sanofi US (Sanofi)","France","Sanofi",442200,208700,233500,"2018"
"Santander Bank (Banco Santander)","Spain","Banco Santander",24500,9500,15000,"2018"
"SAP America","Germany","SAP SE",59000,40000,19000,"2018"
"Schaeffler Group USA","Germany","Schaeffler Group",2500,0,2500,"2018"
"Securitas Security Services USA","Sweden","Securitas AB",0,0,0,"2018"
"Serco Inc","UK","Serco Group",107500,40500,67000,"2018"
"Shell Oil","Netherlands","Royal Dutch Shell",23000,3500,19500,"2018"
"Shire Holdings US (Shire PLC)","Ireland","Shire Plc",84000,47000,37000,"2018"
"Siemens Corp","Germany","Siemens AG",189250,76000,113250,"2018"
"Smith & Nephew","UK","Smith & Nephew Plc",78000,33000,45000,"2018"
"Smithfield Foods","China","WH Group",60000,20000,40000,"2018"
"Smiths Detection (Smiths Group)","UK","Smiths Group PLC",0,0,0,"2018"
"Smiths Group Services Corp (Smiths Group)","UK","Smiths Group PLC",134700,36500,98200,"2018"
"Sodexo Inc","France","Sodexo",-1000,0,-1000,"2018"
"Solvay America","Belgium","Solvay SA",19200,8000,11200,"2018"
"Sony Music Entertainment (Sony Corp)","Japan","Sony Corp",1000,1000,0,"2018"
"Sony Pictures Entertainment (Sony Corp)","Japan","Sony Corp",164000,85000,79000,"2018"
"Sprint Communications (SoftBank Corp)","Japan","Softbank Corp",184000,73500,110500,"2018"
"SSAB Americas","Sweden","SSAB AB",13600,4500,9100,"2018"
"Standard Insurance Co","Japan","Meiji Yasuda Life Insurance",10000,1000,7500,"2018"
"Steris Corp","UK","Steris PLC",51000,16500,34500,"2018"
"SUEZ Water","France","SUEZ Environnement",11000,10000,1000,"2018"
"Sun Life Financial (Sun Life Financial)","Canada","Sun Life Financial",23600,8900,12000,"2018"
"Sunovion Pharmaceuticals (Sumitomo Chemical)","Japan","Sumitomo Chemical",50500,26000,24500,"2018"
"Sunpower Corp","France","Total SA",7000,2000,5000,"2018"
"Swedish Match North America (Swedish Match AB)","Sweden","Swedish Match AB",13500,2500,11000,"2018"
"Swiss Re America","Switzerland","Swiss Reinsurance",44000,17000,27000,"2018"
"Syngenta Corp","China","ChemChina",125200,47500,77700,"2018"
"T-Mobile USA","Germany","Deutsche Telekom AG",694500,314000,374500,"2018"
"Takeda Pharmaceuticals USA (Takeda Pharmaceutical Co)","Japan","Takeda Pharmaceutical Co",143500,77500,66000,"2018"
"Tate & Lyle Americas (Tate & Lyle)","UK","Tate & Lyle",26900,7000,19900,"2018"
"TD Bank USA","Canada","Toronto-Dominion Bank",197500,91500,101000,"2018"
"TE Connectivity","Switzerland","TE Connectivity",94000,34000,60000,"2018"
"TECO Energy","Canada","Emera Inc",37500,11500,26000,"2018"
"Terumo BCT","Japan","Terumo Corp",0,0,0,"2018"
"Teva Pharmaceuticals USA","Israel","Teva Pharmaceutical Industries",45500,17000,28500,"2018"
"Toyota Motor North America","Japan","Toyota Motor Corp",874999,378000,496999,"2018"
"TransAmerica","Netherlands","Aegon NV",458500,226500,230000,"2018"
"Transcanada USA Services (Transcanada Corp)","Canada","TransCanada Corp",149500,51500,94500,"2018"
"Travelport Inc","UK","Travelport Ltd",1000,0,1000,"2018"
"UBS Americas","Switzerland","UBS AG",1389750,645750,734000,"2018"
"UCB Inc (UCB SA)","Belgium","UCB SA",41000,6000,35000,"2018"
"Ultra Electronics USA","UK","Ultra Electronics",59000,15000,44000,"2018"
"Universal Music Group (Vivendi)","France","Vivendi",114494,64494,50000,"2018"
"Valent USA (Sumitomo Chemical)","Japan","Sumitomo Chemical",16000,5500,10500,"2018"
"VNA Holding (AB Volvo)","Sweden","AB Volvo",16000,8000,8000,"2018"
"VT Halter Marine","Singapore","ST Engineering",12500,0,12500,"2018"
"Washington Gas Light Co (AltaGas Ltd)","Canada","AltaGas Ltd",21000,13000,8000,"2018"
"Westfield Corp (Unibail-Rodamco-Westfield)","Australia","Westfield Group of Australia",4000,1500,2500,"2018"
"Westinghouse Electric","Canada","Brookfield Business Partners",68500,25000,43500,"2018"
"Wexler & Walker Public Policy Assoc (WPP Group)","UK","WPP Group",43000,15500,27500,"2018"
"WSP USA","Canada","WSP Global",151724,86650,65074,"2018"
"XL America","France","AXA",0,0,0,"2018"
"ZF TRW Automotive (ZF Friedrichshafen AG)","Germany","ZF Friedrichshafen AG",30000,14000,16000,"2018"
"Zurich Insurance (Zurich Insurance Group)","Switzerland","Zurich Insurance Group",173000,92500,80500,"2018"
"Accenture (Accenture)","Ireland","Accenture plc",3000,0,3000,"2019"
"Acreage Holdings","Canada","Acreage Holdings",0,0,0,"2019"
"Air Liquide America","France","L'Air Liquide SA",17300,14800,2500,"2019"
"Airbus Group","Netherlands","Airbus Group",193500,82500,111000,"2019"
"Alexion Pharmaceuticals (AstraZeneca PLC)","UK","AstraZeneca PLC",186250,104000,82250,"2019"
"Alkermes Inc","Ireland","Alkermes Plc",84500,34500,50000,"2019"
"Allianz of America (Allianz)","Germany","Allianz AG Holding",31500,20500,11000,"2019"
"AMG Vanadium","Netherlands","AMG Advanced Metallurgical Group",2525,0,2525,"2019"
"Anheuser-Busch (Anheuser-Busch InBev)","Belgium","Anheuser-Busch InBev",457500,218000,239500,"2019"
"AON Corp (AON plc)","UK","AON PLC",98500,52000,46500,"2019"
"APL Maritime (CMA CGM)","France","CMA CGM SA",19000,8000,11000,"2019"
"Aptiv PLC","Ireland","Aptiv PLC",10350,5350,5000,"2019"
"Arcadis US (Arcadis NV)","Netherlands","Arcadis NV",1000,0,1000,"2019"
"Arch Capital Group (US)","UK","Arch Capital Group",8500,5500,3000,"2019"
"Arkema Inc","France","Arkema",51500,27000,24500,"2019"
"Ashton Woods Homes","Canada","Great Gulf Group",2500,0,2500,"2019"
"Assured Guaranty Municipal Corp (Assured Guaranty Corp)","UK","Assured Guaranty Ltd",112100,55500,56600,"2019"
"Astellas US","Japan","Astellas Pharma",145500,63500,82000,"2019"
"AstraZeneca Pharmaceuticals (AstraZeneca PLC)","UK","AstraZeneca PLC",310750,128500,182250,"2019"
"Atkins North America","UK","SNC-Lavalin",18000,5000,13000,"2019"
"Austal USA","Australia","Austal Ltd",50200,5000,45200,"2019"
"Avangrid Inc (Iberdrola SA)","Spain","Iberdrola SA",155000,103000,52000,"2019"
"Bacardi USA","UK","Bacardi Ltd",46200,19500,25700,"2019"
"BAE Systems (BAE Systems)","UK","BAE Systems",739500,320000,419500,"2019"
"Barclays Group US","UK","Barclays plc",123000,49500,73500,"2019"
"Barrick Goldstrike Mines","Canada","Barrick Gold Corp",14500,11000,3500,"2019"
"BASF Corp","Germany","BASF SE",412000,222000,190000,"2019"
"Bayer Corp (Bayer AG)","Germany","Bayer AG",209500,117500,92000,"2019"
"Beam Suntory (Suntory Holdings)","Japan","Suntory Holdings",46000,26000,20000,"2019"
"BMO Financial Corp (Bank of Montreal)","Canada","Bank of Montreal",0,0,0,"2019"
"BMO Financial Corp (Bank of Montreal)","Canada","Bank of Montreal",193000,101000,92000,"2019"
"Boehringer Ingelheim Corp","Germany","CH Boehringer Sohn",182900,86900,96000,"2019"
"Bombardier Aerospace (Bombardier Inc)","Canada","Bombardier Inc",36500,16500,20000,"2019"
"BP North America","UK","BP PLC",-2000,0,-2000,"2019"
"Bridgestone Americas","Japan","Bridgestone Corp",29500,15000,14500,"2019"
"Bumble Bee Foods (FCF Co)","Taiwan","FCF Co",6000,6000,0,"2019"
"CAE USA","Canada","CAE Inc",11000,6000,5000,"2019"
"CalPortland Co","Japan","Taiheiyo Cement Co",214000,13000,201000,"2019"
"Carmeuse Lime","Netherlands","Carmeuse SA",1000,0,1000,"2019"
"Case New Holland","Netherlands","CNH Industrial",101000,5000,96000,"2019"
"CEMEX Inc","Mexico","CEMEX SAB de CV",42500,16500,26000,"2019"
"CGI Technologies & Solutions","Canada","CGI Group",48000,40000,8000,"2019"
"Chubb Group of Insurance Companies","Switzerland","Chubb Ltd",98000,51500,46500,"2019"
"CIBC Bancorp","Canada","Canadian Imperial Bank of Commerce",2000,2000,0,"2019"
"Cirrus Aircraft Corp","China","Aviation Industry Corp of China",0,0,0,"2019"
"Continental Automotive Systems (Continental AG)","Germany","Continental AG",59000,31000,28000,"2019"
"Covestro LLC (Covestro AG)","Germany","Covestro AG",14000,9500,4500,"2019"
"Credit Suisse Securities","Switzerland","Credit Suisse Group",55000,25000,30000,"2019"
"CRH Americas (CRH PLC)","Ireland","CRH PLC",549600,208500,341100,"2019"
"Cronos USA","Canada","Cronos Group",33000,21000,12000,"2019"
"CSL Behring","Australia","CSL Ltd",55100,32700,22400,"2019"
"Delhaize America","Belgium","Ahold Delhaize",43500,19000,24500,"2019"
"Deutsche Bank Securities","Germany","Deutsche Bank AG",0,0,0,"2019"
"Diageo North America (Diageo PLC)","UK","Diageo PLC",17575,12575,5000,"2019"
"Eaton Corp (Eaton Corp)","Ireland","Eaton Plc",52353,24500,27853,"2019"
"EDF Renewables (EDF Group)","France","EDF Group",38000,32500,5500,"2019"
"EDP Renewables NA","Portugal","EDP - Energias de Portugal",22000,20500,1500,"2019"
"Eisai Inc","Japan","Eisai Co Ltd",23100,11300,11800,"2019"
"Elbit Systems of America","Israel","Elbit Systems Ltd",63000,16500,46500,"2019"
"Electrolux Home Products","Sweden","AB Electrolux",4500,1500,3000,"2019"
"Elekta Inc (Elekta AB)","Sweden","Elekta AB",88100,41500,46600,"2019"
"Embraer Aircraft Holdings","Brazil","Embraer-Empresa Brasileira de Aeronautic",61000,18500,42500,"2019"
"EMD Serono Inc","Germany","Merck KGaA",149500,80000,69500,"2019"
"Empire District Electric (Algonquin Power & Utilities)","Canada","Algonquin Power & Utilities",-1000,-1000,0,"2019"
"Empower Retirement (Power Financial Corp)","Canada","Power Financial Corp",45500,18500,27000,"2019"
"Enbridge Inc","Canada","Enbridge Inc",84500,23500,61000,"2019"
"Endo Pharmaceuticals","Ireland","Endo International",0,0,0,"2019"
"ENGIE North America","France","ENGIE",21500,17500,4000,"2019"
"Ericsson Inc","Sweden","Telefonaktiebolaget LM Ericsson",117500,59500,58000,"2019"
"Essent US Holdings","UK","Essent Group",10500,2500,8000,"2019"
"Experian","UK","Experian",554500,256500,298000,"2019"
"Farmers Group (Zurich Insurance Group)","Switzerland","Zurich Financial Services AG",262000,139000,123000,"2019"
"Fincantieri Marinette Marine","Italy","Fincantieri-Cantieri Navali Italiani SpA",19500,11000,8500,"2019"
"Finsbury Glover Hering (WPP Group)","UK","WPP Group",124250,71500,52750,"2019"
"Florida East Coast Industries (SoftBank Corp)","Japan","SoftBank Corp",62000,20500,41500,"2019"
"Florida East Coast Railway (Grupo Mexico)","Mexico","Grupo Mexico",2150,1850,300,"2019"
"Framatome (EDF Group)","France","EDF Group",32000,15000,17000,"2019"
"Fresenius Medical Care North America","Germany","Fresenius Medical Care",405500,180000,225500,"2019"
"G4S Secure Solutions","UK","G4S plc",2900,2900,0,"2019"
"Garmin International (Garmin Ltd)","Switzerland","Garmin Ltd",117000,39500,77500,"2019"
"GE Appliances","China","Haier Group",23000,5000,18000,"2019"
"Genentech Inc (Roche Holdings)","Switzerland","Roche Holdings",295000,154500,140500,"2019"
"General Cigar Co","Sweden","Scandinavian Tobacco Group",500,0,500,"2019"
"GenesisCare USA","Australia","GenesisCare",17000,9500,7500,"2019"
"Gerdau Ameristeel Corp","Brazil","Gerdau Inc",14000,6000,8000,"2019"
"Glanbia Foods (Glanbia PLC)","Ireland","Glanbia PLC",0,0,0,"2019"
"Grand Trunk Western-Illinois Central RR","Canada","Canadian National Railway",22000,7000,15000,"2019"
"Greyhound Lines","UK","FirstGroup PLC",10500,6000,4500,"2019"
"GSK plc","UK","GlaxoSmithKline",205000,54000,151000,"2019"
"Haleon plc","UK","Haleon plc",2500,0,2500,"2019"
"Hannover Life Reassurance Co","Germany","Hannover Re",17500,10000,7500,"2019"
"Hatch LTK (Hatch Ltd)","Canada","Hatch Ltd",5800,5800,0,"2019"
"Headwaters Inc","Australia","Boral Ltd",10500,1000,9500,"2019"
"Heineken USA","Netherlands","L'Arche Green NV",26000,14000,12000,"2019"
"Herbalife Nutrition","UK","Herbalife Ltd",85500,35500,50000,"2019"
"Holcim US (Holcim Group)","Switzerland","Holcim Group",37000,22000,15000,"2019"
"Horizon Therapeutics","Ireland","Horizon Pharma PLC",149000,89000,60000,"2019"
"HSBC North America (HSBC Holdings)","UK","HSBC Holdings",34500,11000,23500,"2019"
"HSBC North America (HSBC Holdings)","UK","HSBC Holdings",61000,36500,24500,"2019"
"IBI Group Engineering Services","Canada","IBI Group",150,0,150,"2019"
"IDEMIA Identity & Security (IDEMIA)","France","IDEMIA",29900,6000,23900,"2019"
"IGT Global Solutions","Italy","B&D Holding Di Marco Drago e C Sapa",42900,32900,10000,"2019"
"Infineon Technologies","Germany","Infineon Technologies AG",20000,12500,7500,"2019"
"Intelsat US","Luxembourg","Intelsat Holdings",49000,25500,23500,"2019"
"Intergraph Corp","Sweden","Hexagon AB",2900,0,2900,"2019"
"Ipsen Biopharmaceuticals","France","Ipsen SA",40000,22500,17500,"2019"
"ITG Brands (Imperial Brands)","UK","Imperial Brands",14000,5500,8500,"2019"
"Jackson National Life Insurance (Prudential PLC)","UK","Prudential PLC",169198,50998,118200,"2019"
"Jackson National Life Insurance (Prudential PLC)","UK","Prudential PLC",87000,50000,37000,"2019"
"JBS USA","Brazil","JBS SA",18500,7000,11500,"2019"
"John Hancock Life Insurance","Canada","Manulife Financial",94500,58500,36000,"2019"
"Johnson Controls (Johnson Controls International)","Ireland","Johnson Controls International",211500,117500,94000,"2019"
"Komatsu Mining","Japan","Komatsu Ltd",20599,9500,11099,"2019"
"Lanxess Corp (Lanxess AG)","Germany","Lanxess AG",0,0,0,"2019"
"Lehigh Hanson","Germany","HeidelbergCement AG",102000,22500,79500,"2019"
"Leonardo DRS","Italy","Leonardo SpA",204000,76500,127500,"2019"
"Liberty Utilities (Algonquin Power & Utilities)","Canada","Algonquin Power & Utilities",0,0,0,"2019"
"Lincare Holdings (Linde plc)","UK","Linde plc",23500,6000,17500,"2019"
"Linde plc (Linde plc)","UK","Linde Plc",11000,11000,0,"2019"
"Livanova USA","UK","Livanova Plc",6000,4000,2000,"2019"
"Louis Dreyfus Co","Netherlands","Louis Dreyfus Group",2000,0,2000,"2019"
"LSEG US","UK","London Stock Exchange Group",2000,2000,0,"2019"
"Lundbeck Inc","Denmark","H Lundbeck A/S",127400,72400,55000,"2019"
"LyondellBasell Industries","Netherlands","LyondellBasell Industries",95000,41500,53500,"2019"
"Maersk Inc (AP Moller-Maersk)","Denmark","AP Moller-Maersk",60500,29500,31000,"2019"
"Mallinckrodt Pharmaceuticals","UK","Mallinckrodt Plc",500,4500,-4000,"2019"
"Maxar Technologies (Maxar Technologies)","Canada","Maxar Technologies",173500,93000,78000,"2019"
"MBDA Inc","UK","MBDA",1000,0,1000,"2019"
"Medtronic Inc","Ireland","Medtronic Plc",225000,119000,106000,"2019"
"Mercedes-Benz USA (Daimler AG)","Germany","Daimler AG",3500,0,3500,"2019"
"Messer North America","Germany","Messer Group",28500,12000,16500,"2019"
"Mitsubishi Power","Japan","Mitsubishi Power",1000,0,1000,"2019"
"Molson Coors Beverage Co (Molson Coors Brewing)","Canada","Molson Coors Brewing",77500,23000,54500,"2019"
"MUFG Americas","Japan","Mitsubishi UFJ Financial Group",0,0,0,"2019"
"Munich American Reassurance","Germany","Munich Re Group",12500,5000,7500,"2019"
"Nammo Inc (Nammo AS)","Norway","Nammo AS",9000,2000,7000,"2019"
"National Grid USA (National Grid plc)","UK","National Grid plc",58500,49500,9000,"2019"
"Nestle Purina PetCare (Nestle SA)","Switzerland","Nestle SA",0,0,0,"2019"
"Nomura Holding America","Japan","Nomura Holdings",49500,19500,30000,"2019"
"NOVA Chemicals","United Arab Emirates","International Petroleum Investment Co",0,0,0,"2019"
"Novartis Corp (Novartis AG)","Switzerland","Novartis AG",281500,159500,122000,"2019"
"Novo Nordisk","Denmark","Novo Nordisk A/S",288250,147250,141000,"2019"
"Novocure Inc","UK","Novocure",94500,46000,48500,"2019"
"Nutrien Ag Solutions","Canada","Nutrien Ltd",46500,15000,31500,"2019"
"Otsuka America (Otsuka Pharmaceutical)","Japan","Otsuka Pharmaceutical",125500,71500,54000,"2019"
"Permobil Inc (Investor AB)","Sweden","Investor AB",1000,1000,0,"2019"
"Pernod Ricard USA","France","Pernod Ricard SA",27000,13500,13500,"2019"
"Pharmavite LLC (Otsuka Pharmaceutical)","Japan","Otsuka Pharmaceutical",94500,50000,44500,"2019"
"Philips Electronics North America (Philips)","Netherlands","Philips",119750,54250,65500,"2019"
"Prime Policy Group (WPP Group)","UK","WPP Group",42750,24500,18250,"2019"
"Protective Life Corp (Dai-Ichi Life)","Japan","Dai-Ichi Life",177000,46500,130500,"2019"
"Purpose Financial (Grupo Salinas)","Mexico","Grupo Salinas",46500,18500,28000,"2019"
"Putnam Investments (Power Financial Corp)","Canada","Power Financial Corp",11500,5500,6000,"2019"
"RBC Bank (Royal Bank of Canada)","Canada","Royal Bank of Canada",91500,45000,46500,"2019"
"Recurrent Energy","Canada","Canadian Solar",13900,9900,4000,"2019"
"RELX Inc","UK","RELX Group",94500,58500,36000,"2019"
"Resolute FP US","Canada","Resolute Forest Products",75500,5500,70000,"2019"
"Reynolds American (British American Tobacco)","UK","British American Tobacco plc",242100,63600,178500,"2019"
"Rio Tinto America","UK","Rio Tinto Group",33500,14500,19000,"2019"
"Roche Diagnostics (Roche Holdings)","Switzerland","Roche Holdings",103000,50000,53000,"2019"
"Rolls-Royce North America (Rolls-Royce PLC)","UK","Rolls-Royce PLC",234000,87000,147000,"2019"
"Saab North America","Sweden","Saab AB",4500,2500,2000,"2019"
"Sabic Innovative Plastics","Saudi Arabia","SABIC",7000,6000,1000,"2019"
"Safelite Group","Belgium","D'Ieteren SA",3500,3500,0,"2019"
"Samsung Electronics America","South Korea","Samsung Group",394000,214500,179500,"2019"
"Sanofi US (Sanofi)","France","Sanofi",233000,122500,110500,"2019"
"Santander Bank (Banco Santander)","Spain","Banco Santander",86500,54000,32500,"2019"
"SAP America","Germany","SAP SE",88500,43500,45000,"2019"
"Schwan's Co","South Korea","CJ CheilJedang",162500,49000,113500,"2019"
"Securitas Security Services USA","Sweden","Securitas AB",0,0,0,"2019"
"Serco Inc","UK","Serco Group",117500,69000,48500,"2019"
"Shell USA","UK","Shell plc",5000,0,5000,"2019"
"Siemens Corp (Siemens AG)","Germany","Siemens AG",184000,101500,82500,"2019"
"Smith & Nephew","UK","Smith & Nephew Plc",96000,56500,39500,"2019"
"Smithfield Foods","China","WH Group",41000,19000,22000,"2019"
"Smiths Group Services Corp (Smiths Group)","UK","Smiths Group PLC",33500,16500,17000,"2019"
"Smiths Group Services Corp (Smiths Group)","UK","Smiths Group PLC",29948,13500,16448,"2019"
"Sodexo Inc","France","Sodexo",2900,2900,0,"2019"
"Solvay America","Belgium","Solvay SA",65000,35500,29500,"2019"
"Sony Music Entertainment (Sony Corp)","Japan","Sony Corp",32500,19500,13000,"2019"
"Sony Pictures Entertainment (Sony Corp)","Japan","Sony Corp",42500,26000,16500,"2019"
"Spark Therapeutics (Roche Holdings)","Switzerland","Roche Holdings",8500,6500,2000,"2019"
"SSAB Americas","Sweden","SSAB AB",31500,9000,22500,"2019"
"Standard Insurance Co","Japan","Meiji Yasuda Life Insurance",4500,2000,2500,"2019"
"Steris Corp","Ireland","Steris PLC",65000,27500,37500,"2019"
"SUEZ Water","France","SUEZ Environnement",20500,18500,2000,"2019"
"Sun Life Financial (Sun Life Financial)","Canada","Sun Life Financial",132000,75000,57000,"2019"
"Sunovion Pharmaceuticals (Sumitomo Chemical)","Japan","Sumitomo Chemical",107200,51900,55300,"2019"
"Sunpower Corp","France","TotalEnergies",32000,28500,3500,"2019"
"Swedish Match North America (Swedish Match AB)","Sweden","Swedish Match AB",5000,0,5000,"2019"
"Swiss Re America","Switzerland","Swiss Reinsurance",0,0,0,"2019"
"Syngenta Corp","China","ChemChina",207000,56000,151000,"2019"
"Tabacalera USA (Imperial Brands)","UK","Imperial Brands",4321,2300,2021,"2019"
"Takeda Pharmaceuticals USA (Takeda Pharmaceutical Co)","Japan","Takeda Pharmaceutical Co",207500,119000,88500,"2019"
"TD Bank USA","Canada","Toronto-Dominion Bank",259500,144500,114000,"2019"
"TE Connectivity","Switzerland","TE Connectivity",92000,39500,52500,"2019"
"TECO Energy","Canada","Emera Inc",37000,4500,32500,"2019"
"Teva Pharmaceuticals USA","Israel","Teva Pharmaceutical Industries",72400,34500,37900,"2019"
"Toyota Motor North America","Japan","Toyota Motor Corp",1053977,538097,515880,"2019"
"Trane Technologies","Ireland","Trane Technologies",26300,3300,23000,"2019"
"TransAmerica","Netherlands","Aegon NV",418500,211000,207500,"2019"
"Transcanada USA Services (TC Energy)","Canada","TC Energy",138500,30500,108000,"2019"
"UBS Americas","Switzerland","UBS AG",1470000,775000,695000,"2019"
"UCB Inc (UCB SA)","Belgium","UCB SA",52500,31000,21500,"2019"
"Ultra Electronics USA","UK","Ultra Electronics",80000,13500,66500,"2019"
"Universal Music Group (Universal Music Group)","Netherlands","Universal Music Group NV",131000,76000,55000,"2019"
"Valent USA (Sumitomo Chemical)","Japan","Sumitomo Chemical",8000,4500,3500,"2019"
"Varian Medical Systems (Siemens AG)","Germany","Siemens AG",65800,39300,26500,"2019"
"VNA Holding (AB Volvo)","Sweden","AB Volvo",67500,40000,27500,"2019"
"VT Halter Marine","Singapore","ST Engineering",18000,1000,17000,"2019"
"Washington Gas Light Co (AltaGas Ltd)","Canada","AltaGas Ltd",23400,14400,9000,"2019"
"Westinghouse Electric","Canada","Brookfield Business Partners",41000,15000,26000,"2019"
"WSP USA","Canada","WSP Global",64750,44250,20500,"2019"
"ZF Automotive US (ZF Friedrichshafen AG)","Germany","ZF Friedrichshafen AG",-2000,0,-2000,"2019"
"Zurich Insurance (Zurich Insurance Group)","Switzerland","Zurich Insurance Group",308000,144000,164000,"2019"
"7-Eleven","Japan","Seven & I Holdings",20000,1000,19000,"2020"
"ABB Group (ABB Group)","Switzerland","Asea Brown Boveri",16900,6800,10100,"2020"
"Accenture (Accenture)","Ireland","Accenture plc",83500,50500,33000,"2020"
"Air Liquide America","France","L'Air Liquide SA",37800,15800,22000,"2020"
"Airbus Group","Netherlands","Airbus Group",182000,79000,103000,"2020"
"Alkermes Inc","Ireland","Alkermes Plc",94750,30750,64000,"2020"
"Allianz of America (Allianz)","Germany","Allianz AG Holding",71300,36150,35150,"2020"
"AMG Vanadium","Netherlands","AMG Advanced Metallurgical Group",2000,0,2000,"2020"
"Anheuser-Busch (Anheuser-Busch InBev)","Belgium","Anheuser-Busch InBev",336500,174000,162500,"2020"
"AON Corp (AON plc)","UK","AON PLC",80500,44000,36500,"2020"
"APL Maritime (CMA CGM)","France","CMA CGM SA",26500,14000,12500,"2020"
"Aptiv PLC","Ireland","Aptiv PLC",0,0,0,"2020"
"Arcadis US (Arcadis NV)","Netherlands","Arcadis NV",0,0,0,"2020"
"Arch Capital Group (US)","UK","Arch Capital Group",8000,4500,3500,"2020"
"Arkema Inc","France","Arkema",69500,28000,41500,"2020"
"Ash Grove (CRH Plc)","Ireland","CRH PLC",0,0,0,"2020"
"Ashton Woods Homes","Canada","Great Gulf Group",0,0,0,"2020"
"Assured Guaranty Municipal Corp (Assured Guaranty Corp)","UK","Assured Guaranty Ltd",146500,85200,56300,"2020"
"Astellas US","Japan","Astellas Pharma",203500,98000,105500,"2020"
"AstraZeneca Pharmaceuticals (AstraZeneca PLC)","UK","AstraZeneca PLC",321500,155500,166000,"2020"
"Atkins North America","UK","SNC-Lavalin",41750,11050,30700,"2020"
"Austal USA (Austal Ltd)","Australia","Austal Ltd",31200,6200,25000,"2020"
"Avangrid Inc (Iberdrola SA)","Spain","Iberdrola SA",1e+05,61000,39000,"2020"
"Bacardi USA","UK","Bacardi Ltd",51850,22000,27850,"2020"
"BAE Systems (BAE Systems)","UK","BAE Systems",733500,364000,367500,"2020"
"Barclays Group US","UK","Barclays plc",159500,74000,85500,"2020"
"Barrick Goldstrike Mines","Canada","Barrick Gold Corp",39500,24000,15500,"2020"
"BASF Corp","Germany","BASF SE",447000,252000,195000,"2020"
"Bayer Corp (Bayer AG)","Germany","Bayer AG",347400,151000,196400,"2020"
"Bayer CropScience (Bayer AG)","Germany","Bayer AG",-4500,-4500,0,"2020"
"Beam Suntory (Suntory Holdings)","Japan","Suntory Holdings",42897,24066,18831,"2020"
"BMO Financial Corp (Bank of Montreal)","Canada","Bank of Montreal",1500,1500,0,"2020"
"BMO Financial Corp (Bank of Montreal)","Canada","Bank of Montreal",190260,90260,1e+05,"2020"
"Boehringer Ingelheim Corp","Germany","CH Boehringer Sohn",187500,96000,91500,"2020"
"Bombardier Transportation USA (Bombardier Inc)","Canada","Bombardier Inc",45000,29000,16000,"2020"
"BP North America","UK","BP PLC",236000,90000,146000,"2020"
"Bridgestone Americas","Japan","Bridgestone Corp",21000,3500,17500,"2020"
"Bumble Bee Foods (FCF Co)","Taiwan","FCF Co",2500,2500,0,"2020"
"Buzzi Unicem USA (Buzzi Unicem SpA)","Italy","Buzzi Unicem SpA",500,0,500,"2020"
"CalPortland Co","Japan","Taiheiyo Cement Co",249000,19500,229500,"2020"
"Cardtronics Inc","UK","Cardtronics Plc",11500,7000,4500,"2020"
"Carmeuse Lime","Netherlands","Carmeuse SA",0,0,0,"2020"
"Case New Holland","Netherlands","CNH Industrial",122000,7000,115000,"2020"
"CEMEX Inc","Mexico","CEMEX SAB de CV",179750,45000,134750,"2020"
"CGI Technologies & Solutions","Canada","CGI Group",39500,31500,8000,"2020"
"Chicago Bridge & Iron (McDermott International)","Panama","McDermott International",5470,470,5000,"2020"
"Chubb Group of Insurance Companies","Switzerland","Chubb Ltd",213000,98000,115000,"2020"
"CIBC Bancorp","Canada","Canadian Imperial Bank of Commerce",5000,3000,2000,"2020"
"Cirrus Aircraft Corp","China","Aviation Industry Corp of China",1500,1500,0,"2020"
"Continental Automotive Systems (Continental AG)","Germany","Continental AG",93000,48000,45000,"2020"
"Covestro LLC (Covestro AG)","Germany","Covestro AG",48000,12500,35500,"2020"
"Credit Suisse Securities","Switzerland","Credit Suisse Group",64500,22500,42000,"2020"
"CRH Americas (CRH PLC)","Ireland","CRH PLC",566500,200500,366000,"2020"
"CSL Behring","Australia","CSL Ltd",90600,25000,65600,"2020"
"Daimler Trucks North America (Daimler AG)","Germany","Daimler AG",2500,0,2500,"2020"
"Delhaize America","Belgium","Ahold Delhaize",37000,12000,25000,"2020"
"Deutsche Bank Securities","Germany","Deutsche Bank AG",0,0,0,"2020"
"Diageo North America (Diageo PLC)","UK","Diageo PLC",50563,29095,21468,"2020"
"Direct Energy Inc","UK","Centrica Plc",27000,17000,10000,"2020"
"Eaton Corp (Eaton Corp)","Ireland","Eaton Plc",51500,23000,28500,"2020"
"EDF Renewables (EDF Group)","France","EDF Group",44000,24000,20000,"2020"
"EDP Renewables NA","Portugal","EDP - Energias de Portugal",23000,10000,13000,"2020"
"Eisai Inc","Japan","Eisai Co Ltd",20300,7500,12800,"2020"
"Elbit Systems of America","Israel","Elbit Systems Ltd",55450,9100,46350,"2020"
"Elekta Inc (Elekta AB)","Sweden","Elekta AB",73000,35500,37500,"2020"
"Embraer Aircraft Holdings","Brazil","Embraer-Empresa Brasileira de Aeronautic",47500,13500,34000,"2020"
"EMD Serono Inc","Germany","Merck KGaA",174500,74500,1e+05,"2020"
"Empire District Electric (Algonquin Power & Utilities)","Canada","Algonquin Power & Utilities",13500,4000,9500,"2020"
"Empower Retirement (Power Financial Corp)","Canada","Power Financial Corp",50500,21500,29000,"2020"
"Enbridge Inc","Canada","Enbridge Inc",112000,31000,81000,"2020"
"Endo Pharmaceuticals","Ireland","Endo International",165500,72000,93500,"2020"
"ENGIE North America","France","ENGIE",11500,6000,5500,"2020"
"Equitable Holdings (AXA)","France","AXA",152000,69500,82500,"2020"
"Ericsson Inc","Sweden","Telefonaktiebolaget LM Ericsson",66000,33000,33000,"2020"
"Essent US Holdings","UK","Essent Group",16500,10500,6000,"2020"
"Experian","UK","Experian",727500,269500,458000,"2020"
"Farmers Group (Zurich Insurance Group)","Switzerland","Zurich Financial Services AG",236500,94000,142500,"2020"
"Fincantieri Marinette Marine","Italy","Fincantieri-Cantieri Navali Italiani SpA",24750,9500,15250,"2020"
"Florida East Coast Industries (SoftBank Corp)","Japan","SoftBank Corp",75500,24000,51500,"2020"
"Florida East Coast Railway (Grupo Mexico)","Mexico","Grupo Mexico",3469,3169,300,"2020"
"Framatome (EDF Group)","France","EDF Group",66000,34000,32000,"2020"
"Fresenius Medical Care North America","Germany","Fresenius Medical Care",496500,258000,238500,"2020"
"G4S Secure Solutions","UK","G4S plc",45000,5000,40000,"2020"
"Garmin International (Garmin Ltd)","Switzerland","Garmin Ltd",49000,11500,37500,"2020"
"GE Appliances","China","Haier Group",36000,7500,28500,"2020"
"Genentech Inc (Roche Holdings)","Switzerland","Roche Holdings",458000,228500,229500,"2020"
"General Cigar Co","Sweden","Scandinavian Tobacco Group",2500,0,2500,"2020"
"Gerdau Ameristeel Corp","Brazil","Gerdau Inc",4000,0,4000,"2020"
"Glanbia Foods (Glanbia PLC)","Ireland","Glanbia PLC",0,0,0,"2020"
"Glanbia Performance Nutrition (Glanbia PLC)","Ireland","Glanbia plc",0,0,0,"2020"
"GlaxoSmithKline","UK","GlaxoSmithKline",199000,77000,122000,"2020"
"Glover Park Group (WPP Group)","UK","WPP Group",135780,98780,37000,"2020"
"Grand Trunk Western-Illinois Central RR","Canada","Canadian National Railway",17000,5500,11500,"2020"
"Great-West Life & Annuity Insurance (Power Financial Corp)","Canada","Power Financial Corp",0,0,0,"2020"
"Greyhound Lines","UK","FirstGroup PLC",13000,9500,3500,"2020"
"Hannover Life Reassurance Co","Germany","Hannover Re",5000,2500,2500,"2020"
"Headwaters Inc","Australia","Boral Ltd",23000,4000,19000,"2020"
"Heineken USA","Netherlands","L'Arche Green NV",47500,25500,22000,"2020"
"Herbalife Nutrition","UK","Herbalife Ltd",104000,59000,45000,"2020"
"Holcim US (LafargeHolcim)","Switzerland","LaFargeHolcim",57000,13500,43500,"2020"
"Horizon Therapeutics","Ireland","Horizon Pharma PLC",156500,71500,85000,"2020"
"HSBC North America (HSBC Holdings)","UK","HSBC Holdings",2000,0,2000,"2020"
"HSBC North America (HSBC Holdings)","UK","HSBC Holdings",192500,89500,103000,"2020"
"IBI Group Engineering Services","Canada","IBI Group",0,0,0,"2020"
"IDEMIA Identity & Security (IDEMIA)","France","IDEMIA",20500,11000,9500,"2020"
"IGT Global Solutions","Italy","B&D Holding Di Marco Drago e C Sapa",45800,27300,18500,"2020"
"Infineon Technologies","Germany","Infineon Technologies AG",25750,16000,9750,"2020"
"Intelsat Holdings (Serafina SA)","Luxembourg","Serafina SA",16500,8500,8000,"2020"
"Intergraph Corp","Sweden","Hexagon AB",4800,0,4800,"2020"
"Ipsen Biopharmaceuticals","France","Ipsen SA",0,0,0,"2020"
"ITG Brands","UK","Imperial Brands",86500,14000,71500,"2020"
"Jackson National Life Insurance (Prudential PLC)","UK","Prudential PLC",110500,30000,80500,"2020"
"Jackson National Life Insurance (Prudential PLC)","UK","Prudential PLC",201000,59000,142000,"2020"
"JBS USA","Brazil","JBS SA",125500,18000,107500,"2020"
"John Hancock Life Insurance","Canada","Manulife Financial",100500,54500,46000,"2020"
"Johnson Controls (Johnson Controls International)","Ireland","Johnson Controls International",276400,129400,147000,"2020"
"Komatsu Mining","Japan","Komatsu Ltd",13500,4000,9500,"2020"
"Lanxess Corp (Lanxess AG)","Germany","Lanxess AG",5500,3000,2500,"2020"
"Lehigh Hanson","Germany","HeidelbergCement AG",173000,26000,147000,"2020"
"Leonardo DRS","Italy","Leonardo SpA",222000,85000,137000,"2020"
"Lincare Holdings (Linde plc)","UK","Linde plc",12000,1000,11000,"2020"
"Linde North America (Linde plc)","UK","Linde plc",0,0,0,"2020"
"Linde plc (Linde plc)","UK","Linde Plc",14000,11000,3000,"2020"
"Livanova USA","UK","Livanova Plc",4500,0,4500,"2020"
"Louis Dreyfus Co","Netherlands","Louis Dreyfus Group",4000,0,4000,"2020"
"LSEG US","UK","London Stock Exchange Group",38000,25500,12500,"2020"
"Lundbeck Inc","Denmark","H Lundbeck A/S",106000,55500,50500,"2020"
"LyondellBasell Industries","Netherlands","LyondellBasell Industries",112000,26500,85500,"2020"
"Maersk Inc (AP Moller-Maersk)","Denmark","AP Moller-Maersk",44500,27500,17000,"2020"
"Magnolia LNG (Glenfarne Group)","Australia","Glenfarne Group",5000,0,5000,"2020"
"Mallinckrodt Pharmaceuticals","UK","Mallinckrodt Plc",67500,18000,49500,"2020"
"Massachusetts Financial Services (Sun Life Financial)","Canada","Sun Life Financial Services",2500,0,2500,"2020"
"Maxar Technologies (Maxar Technologies)","Canada","Maxar Technologies",161000,80000,81000,"2020"
"MBDA Inc","UK","MBDA",0,0,0,"2020"
"Medtronic Inc","Ireland","Medtronic Plc",245000,142000,103000,"2020"
"Messer North America","Germany","Messer Group",44500,21500,23000,"2020"
"Mitsubishi Power","Japan","Mitsubishi Power",6000,1000,5000,"2020"
"Molson Coors Beverage Co (Molson Coors Brewing)","Canada","Molson Coors Brewing",93000,30000,63000,"2020"
"MUFG Americas","Japan","Mitsubishi UFJ Financial Group",0,0,0,"2020"
"Munich American Reassurance","Germany","Munich Re Group",7500,5000,2500,"2020"
"Nammo Inc (Nammo AS)","Norway","Nammo AS",2500,1250,1250,"2020"
"Nammo Talley Inc (Nammo AS)","Norway","Nammo AS",4750,2250,2500,"2020"
"National Grid USA (National Grid plc)","UK","National Grid plc",42000,31000,11000,"2020"
"Natixis Investment Managers","France","Groupe BPCE",4011,1000,3011,"2020"
"Nestle Purina PetCare (Nestle SA)","Switzerland","Nestle SA",43250,13500,29750,"2020"
"Nomura Holding America","Japan","Nomura Holdings",102500,50000,52500,"2020"
"NOVA Chemicals","United Arab Emirates","International Petroleum Investment Co",1200,0,1200,"2020"
"Novartis Corp (Novartis AG)","Switzerland","Novartis AG",290000,141000,149000,"2020"
"Novo Nordisk","Denmark","Novo Nordisk A/S",414582,224927,189655,"2020"
"Novocure Inc","UK","Novocure",65600,16000,49600,"2020"
"Nutrien Ag Solutions","Canada","Nutrien Ltd",49900,23400,26500,"2020"
"Orano USA (Orano Group)","France","Orano Group",1500,0,1500,"2020"
"Otsuka America (Otsuka Pharmaceutical)","Japan","Otsuka Pharmaceutical",59250,34750,24500,"2020"
"Permobil Inc (Investor AB)","Sweden","Investor AB",5000,0,5000,"2020"
"Pernod Ricard USA","France","Pernod Ricard SA",13500,4500,9000,"2020"
"Peter Pan Seafoods","Japan","Maruha Nichiro Holdings",4000,500,3500,"2020"
"Pharmavite LLC (Otsuka Pharmaceutical)","Japan","Otsuka Pharmaceutical",70000,35000,35000,"2020"
"Philips Electronics North America (Philips)","Netherlands","Philips",151000,78500,72500,"2020"
"Prime Policy Group (WPP Group)","UK","WPP Group",56000,19000,36500,"2020"
"Protective Life Corp (Dai-Ichi Life)","Japan","Dai-Ichi Life",199900,31000,168900,"2020"
"Purpose Financial (Grupo Salinas)","Mexico","Grupo Salinas",42500,2000,40500,"2020"
"Putnam Investments (Power Financial Corp)","Canada","Power Financial Corp",7388,0,7388,"2020"
"RBC Bank (Royal Bank of Canada)","Canada","Royal Bank of Canada",60500,38500,22000,"2020"
"Recurrent Energy","Canada","Canadian Solar",5000,0,5000,"2020"
"RELX Inc","UK","RELX Group",244000,110000,134000,"2020"
"Resolute FP US","Canada","Resolute Forest Products",88000,15500,72500,"2020"
"Reynolds American (British American Tobacco)","UK","British American Tobacco plc",386460,66500,319960,"2020"
"Rio Tinto America","UK","Rio Tinto Group",13000,7500,5500,"2020"
"Roche Diagnostics (Roche Holdings)","Switzerland","Roche Holdings",43500,12500,31000,"2020"
"Rolls-Royce North America (Rolls-Royce PLC)","UK","Rolls-Royce PLC",258500,97500,161000,"2020"
"Sabic Innovative Plastics","Saudi Arabia","SABIC",5500,2000,3500,"2020"
"Safelite Group","Belgium","D'Ieteren SA",4800,-1000,5800,"2020"
"Samsung Electronics America","South Korea","Samsung Group",297000,171000,126000,"2020"
"Sanofi US (Sanofi)","France","Sanofi",298500,114000,184500,"2020"
"Santander Bank (Banco Santander)","Spain","Banco Santander",114500,53000,61500,"2020"
"SAP America","Germany","SAP SE",30500,21000,9500,"2020"
"Schwan's Co","South Korea","CJ CheilJedang",194000,71000,123000,"2020"
"Securitas Security Services USA","Sweden","Securitas AB",0,0,0,"2020"
"Serco Inc","UK","Serco Group",141500,71500,70000,"2020"
"Shell Oil","Netherlands","Royal Dutch Shell",5000,1000,4000,"2020"
"Shire Holdings US (Takeda Pharmaceutical Co)","Japan","Takeda Pharmaceutical Co",-12500,-1500,-11000,"2020"
"Siemens Corp","Germany","Siemens AG",127250,76750,50500,"2020"
"Smith & Nephew","UK","Smith & Nephew Plc",93500,39000,54500,"2020"
"Smithfield Foods","China","WH Group",95500,25000,70500,"2020"
"Smiths Group Services Corp (Smiths Group)","UK","Smiths Group PLC",65500,30500,35000,"2020"
"Sodexo Inc","France","Sodexo",3000,0,3000,"2020"
"Solvay America","Belgium","Solvay SA",34000,12500,21500,"2020"
"Sony Music Entertainment (Sony Corp)","Japan","Sony Corp",12500,7500,5000,"2020"
"Sony Pictures Entertainment (Sony Corp)","Japan","Sony Corp",93500,63000,30500,"2020"
"Spark Therapeutics (Roche Holdings)","Switzerland","Roche Holdings",11500,4500,7000,"2020"
"SSAB Americas","Sweden","SSAB AB",27000,7500,19500,"2020"
"Standard Insurance Co","Japan","Meiji Yasuda Life Insurance",3500,0,3500,"2020"
"Steris Corp","UK","Steris PLC",72750,12500,60250,"2020"
"SUEZ Water","France","SUEZ Environnement",5500,4500,1000,"2020"
"Sun Life Financial (Sun Life Financial)","Canada","Sun Life Financial",112500,66500,43500,"2020"
"Sunovion Pharmaceuticals (Sumitomo Chemical)","Japan","Sumitomo Chemical",88000,41000,47000,"2020"
"Sunpower Corp","France","Total SA",24000,23500,500,"2020"
"Swedish Match North America (Swedish Match AB)","Sweden","Swedish Match AB",3500,0,3500,"2020"
"Swiss Re America","Switzerland","Swiss Reinsurance",30500,17500,13000,"2020"
"Syngenta Corp","China","ChemChina",143000,61000,82000,"2020"
"Takeda Pharmaceuticals USA (Takeda Pharmaceutical Co)","Japan","Takeda Pharmaceutical Co",136000,66000,70000,"2020"
"Tate & Lyle Americas (Tate & Lyle)","UK","Tate & Lyle",14750,3500,11250,"2020"
"TD Bank USA","Canada","Toronto-Dominion Bank",171200,80200,91000,"2020"
"TE Connectivity","Switzerland","TE Connectivity",114500,61000,53500,"2020"
"TECO Energy","Canada","Emera Inc",31000,8500,22500,"2020"
"Teva Pharmaceuticals USA","Israel","Teva Pharmaceutical Industries",77300,44300,33000,"2020"
"Toyota Motor North America","Japan","Toyota Motor Corp",1161642,583000,578642,"2020"
"Trane Technologies","Ireland","Trane Technologies",6800,2000,4800,"2020"
"TransAmerica","Netherlands","Aegon NV",504000,243500,259500,"2020"
"Transcanada USA Services (TC Energy)","Canada","TC Energy",142500,58500,84000,"2020"
"Travelport Inc","UK","Travelport Ltd",0,0,0,"2020"
"UBS Americas","Switzerland","UBS AG",1615000,802500,812500,"2020"
"UCB Inc (UCB SA)","Belgium","UCB SA",35000,13500,21500,"2020"
"Ultra Electronics USA","UK","Ultra Electronics",41500,14000,27500,"2020"
"Universal Music Group (Vivendi)","France","Vivendi",128750,73000,55750,"2020"
"Valent USA (Sumitomo Chemical)","Japan","Sumitomo Chemical",14000,8500,5500,"2020"
"VNA Holding (AB Volvo)","Sweden","AB Volvo",112500,48000,64500,"2020"
"VT Halter Marine","Singapore","ST Engineering",11200,0,11200,"2020"
"Washington Gas Light Co (AltaGas Ltd)","Canada","AltaGas Ltd",25500,18500,7000,"2020"
"Westinghouse Electric","Canada","Brookfield Business Partners",43500,8000,35500,"2020"
"Wexler & Walker Public Policy Assoc (WPP Group)","UK","WPP Group",0,0,0,"2020"
"WSP USA","Canada","WSP Global",147250,108750,38500,"2020"
"XL America (AXA)","France","AXA",0,0,0,"2020"
"ZF Automotive US (ZF Friedrichshafen AG)","Germany","ZF Friedrichshafen AG",24500,14500,10000,"2020"
"Zurich Insurance (Zurich Insurance Group)","Switzerland","Zurich Insurance Group",267500,143000,124500,"2020"
"Accenture (Accenture)","Ireland","Accenture plc",3000,0,3000,"2021"
"Acreage Holdings","Canada","Acreage Holdings",0,0,0,"2021"
"Air Liquide America","France","L'Air Liquide SA",17300,14800,2500,"2021"
"Airbus Group","Netherlands","Airbus Group",193500,82500,111000,"2021"
"Alexion Pharmaceuticals (AstraZeneca PLC)","UK","AstraZeneca PLC",186250,104000,82250,"2021"
"Alkermes Inc","Ireland","Alkermes Plc",84500,34500,50000,"2021"
"Allianz of America (Allianz)","Germany","Allianz AG Holding",31500,20500,11000,"2021"
"AMG Vanadium","Netherlands","AMG Advanced Metallurgical Group",2525,0,2525,"2021"
"Anheuser-Busch (Anheuser-Busch InBev)","Belgium","Anheuser-Busch InBev",457500,218000,239500,"2021"
"AON Corp (AON plc)","UK","AON PLC",98500,52000,46500,"2021"
"APL Maritime (CMA CGM)","France","CMA CGM SA",19000,8000,11000,"2021"
"Aptiv PLC","Ireland","Aptiv PLC",10350,5350,5000,"2021"
"Arcadis US (Arcadis NV)","Netherlands","Arcadis NV",1000,0,1000,"2021"
"Arch Capital Group (US)","UK","Arch Capital Group",8500,5500,3000,"2021"
"Arkema Inc","France","Arkema",51500,27000,24500,"2021"
"Ashton Woods Homes","Canada","Great Gulf Group",2500,0,2500,"2021"
"Assured Guaranty Municipal Corp (Assured Guaranty Corp)","UK","Assured Guaranty Ltd",112100,55500,56600,"2021"
"Astellas US","Japan","Astellas Pharma",145500,63500,82000,"2021"
"AstraZeneca Pharmaceuticals (AstraZeneca PLC)","UK","AstraZeneca PLC",310750,128500,182250,"2021"
"Atkins North America","UK","SNC-Lavalin",18000,5000,13000,"2021"
"Austal USA","Australia","Austal Ltd",50200,5000,45200,"2021"
"Avangrid Inc (Iberdrola SA)","Spain","Iberdrola SA",155000,103000,52000,"2021"
"Bacardi USA","UK","Bacardi Ltd",46200,19500,25700,"2021"
"BAE Systems (BAE Systems)","UK","BAE Systems",739500,320000,419500,"2021"
"Barclays Group US","UK","Barclays plc",123000,49500,73500,"2021"
"Barrick Goldstrike Mines","Canada","Barrick Gold Corp",14500,11000,3500,"2021"
"BASF Corp","Germany","BASF SE",412000,222000,190000,"2021"
"Bayer Corp (Bayer AG)","Germany","Bayer AG",209500,117500,92000,"2021"
"Beam Suntory (Suntory Holdings)","Japan","Suntory Holdings",46000,26000,20000,"2021"
"BMO Financial Corp (Bank of Montreal)","Canada","Bank of Montreal",0,0,0,"2021"
"BMO Financial Corp (Bank of Montreal)","Canada","Bank of Montreal",193000,101000,92000,"2021"
"Boehringer Ingelheim Corp","Germany","CH Boehringer Sohn",182900,86900,96000,"2021"
"Bombardier Aerospace (Bombardier Inc)","Canada","Bombardier Inc",36500,16500,20000,"2021"
"BP North America","UK","BP PLC",-2000,0,-2000,"2021"
"Bridgestone Americas","Japan","Bridgestone Corp",29500,15000,14500,"2021"
"Bumble Bee Foods (FCF Co)","Taiwan","FCF Co",6000,6000,0,"2021"
"CAE USA","Canada","CAE Inc",11000,6000,5000,"2021"
"CalPortland Co","Japan","Taiheiyo Cement Co",214000,13000,201000,"2021"
"Carmeuse Lime","Netherlands","Carmeuse SA",1000,0,1000,"2021"
"Case New Holland","Netherlands","CNH Industrial",101000,5000,96000,"2021"
"CEMEX Inc","Mexico","CEMEX SAB de CV",42500,16500,26000,"2021"
"CGI Technologies & Solutions","Canada","CGI Group",48000,40000,8000,"2021"
"Chubb Group of Insurance Companies","Switzerland","Chubb Ltd",98000,51500,46500,"2021"
"CIBC Bancorp","Canada","Canadian Imperial Bank of Commerce",2000,2000,0,"2021"
"Cirrus Aircraft Corp","China","Aviation Industry Corp of China",0,0,0,"2021"
"Continental Automotive Systems (Continental AG)","Germany","Continental AG",59000,31000,28000,"2021"
"Covestro LLC (Covestro AG)","Germany","Covestro AG",14000,9500,4500,"2021"
"Credit Suisse Securities","Switzerland","Credit Suisse Group",55000,25000,30000,"2021"
"CRH Americas (CRH PLC)","Ireland","CRH PLC",549600,208500,341100,"2021"
"Cronos USA","Canada","Cronos Group",33000,21000,12000,"2021"
"CSL Behring","Australia","CSL Ltd",55100,32700,22400,"2021"
"Delhaize America","Belgium","Ahold Delhaize",43500,19000,24500,"2021"
"Deutsche Bank Securities","Germany","Deutsche Bank AG",0,0,0,"2021"
"Diageo North America (Diageo PLC)","UK","Diageo PLC",17575,12575,5000,"2021"
"Eaton Corp (Eaton Corp)","Ireland","Eaton Plc",52353,24500,27853,"2021"
"EDF Renewables (EDF Group)","France","EDF Group",38000,32500,5500,"2021"
"EDP Renewables NA","Portugal","EDP - Energias de Portugal",22000,20500,1500,"2021"
"Eisai Inc","Japan","Eisai Co Ltd",23100,11300,11800,"2021"
"Elbit Systems of America","Israel","Elbit Systems Ltd",63000,16500,46500,"2021"
"Electrolux Home Products","Sweden","AB Electrolux",4500,1500,3000,"2021"
"Elekta Inc (Elekta AB)","Sweden","Elekta AB",88100,41500,46600,"2021"
"Embraer Aircraft Holdings","Brazil","Embraer-Empresa Brasileira de Aeronautic",61000,18500,42500,"2021"
"EMD Serono Inc","Germany","Merck KGaA",149500,80000,69500,"2021"
"Empire District Electric (Algonquin Power & Utilities)","Canada","Algonquin Power & Utilities",-1000,-1000,0,"2021"
"Empower Retirement (Power Financial Corp)","Canada","Power Financial Corp",45500,18500,27000,"2021"
"Enbridge Inc","Canada","Enbridge Inc",84500,23500,61000,"2021"
"Endo Pharmaceuticals","Ireland","Endo International",0,0,0,"2021"
"ENGIE North America","France","ENGIE",21500,17500,4000,"2021"
"Ericsson Inc","Sweden","Telefonaktiebolaget LM Ericsson",117500,59500,58000,"2021"
"Essent US Holdings","UK","Essent Group",10500,2500,8000,"2021"
"Experian","UK","Experian",554500,256500,298000,"2021"
"Farmers Group (Zurich Insurance Group)","Switzerland","Zurich Financial Services AG",262000,139000,123000,"2021"
"Fincantieri Marinette Marine","Italy","Fincantieri-Cantieri Navali Italiani SpA",19500,11000,8500,"2021"
"Finsbury Glover Hering (WPP Group)","UK","WPP Group",124250,71500,52750,"2021"
"Florida East Coast Industries (SoftBank Corp)","Japan","SoftBank Corp",62000,20500,41500,"2021"
"Florida East Coast Railway (Grupo Mexico)","Mexico","Grupo Mexico",2150,1850,300,"2021"
"Framatome (EDF Group)","France","EDF Group",32000,15000,17000,"2021"
"Fresenius Medical Care North America","Germany","Fresenius Medical Care",405500,180000,225500,"2021"
"G4S Secure Solutions","UK","G4S plc",2900,2900,0,"2021"
"Garmin International (Garmin Ltd)","Switzerland","Garmin Ltd",117000,39500,77500,"2021"
"GE Appliances","China","Haier Group",23000,5000,18000,"2021"
"Genentech Inc (Roche Holdings)","Switzerland","Roche Holdings",295000,154500,140500,"2021"
"General Cigar Co","Sweden","Scandinavian Tobacco Group",500,0,500,"2021"
"GenesisCare USA","Australia","GenesisCare",17000,9500,7500,"2021"
"Gerdau Ameristeel Corp","Brazil","Gerdau Inc",14000,6000,8000,"2021"
"Glanbia Foods (Glanbia PLC)","Ireland","Glanbia PLC",0,0,0,"2021"
"Grand Trunk Western-Illinois Central RR","Canada","Canadian National Railway",22000,7000,15000,"2021"
"Greyhound Lines","UK","FirstGroup PLC",10500,6000,4500,"2021"
"GSK plc","UK","GlaxoSmithKline",205000,54000,151000,"2021"
"Haleon plc","UK","Haleon plc",2500,0,2500,"2021"
"Hannover Life Reassurance Co","Germany","Hannover Re",17500,10000,7500,"2021"
"Hatch LTK (Hatch Ltd)","Canada","Hatch Ltd",5800,5800,0,"2021"
"Headwaters Inc","Australia","Boral Ltd",10500,1000,9500,"2021"
"Heineken USA","Netherlands","L'Arche Green NV",26000,14000,12000,"2021"
"Herbalife Nutrition","UK","Herbalife Ltd",85500,35500,50000,"2021"
"Holcim US (Holcim Group)","Switzerland","Holcim Group",37000,22000,15000,"2021"
"Horizon Therapeutics","Ireland","Horizon Pharma PLC",149000,89000,60000,"2021"
"HSBC North America (HSBC Holdings)","UK","HSBC Holdings",34500,11000,23500,"2021"
"HSBC North America (HSBC Holdings)","UK","HSBC Holdings",61000,36500,24500,"2021"
"IBI Group Engineering Services","Canada","IBI Group",150,0,150,"2021"
"IDEMIA Identity & Security (IDEMIA)","France","IDEMIA",29900,6000,23900,"2021"
"IGT Global Solutions","Italy","B&D Holding Di Marco Drago e C Sapa",42900,32900,10000,"2021"
"Infineon Technologies","Germany","Infineon Technologies AG",20000,12500,7500,"2021"
"Intelsat US","Luxembourg","Intelsat Holdings",49000,25500,23500,"2021"
"Intergraph Corp","Sweden","Hexagon AB",2900,0,2900,"2021"
"Ipsen Biopharmaceuticals","France","Ipsen SA",40000,22500,17500,"2021"
"ITG Brands (Imperial Brands)","UK","Imperial Brands",14000,5500,8500,"2021"
"Jackson National Life Insurance (Prudential PLC)","UK","Prudential PLC",169198,50998,118200,"2021"
"Jackson National Life Insurance (Prudential PLC)","UK","Prudential PLC",87000,50000,37000,"2021"
"JBS USA","Brazil","JBS SA",18500,7000,11500,"2021"
"John Hancock Life Insurance","Canada","Manulife Financial",94500,58500,36000,"2021"
"Johnson Controls (Johnson Controls International)","Ireland","Johnson Controls International",211500,117500,94000,"2021"
"Komatsu Mining","Japan","Komatsu Ltd",20599,9500,11099,"2021"
"Lanxess Corp (Lanxess AG)","Germany","Lanxess AG",0,0,0,"2021"
"Lehigh Hanson","Germany","HeidelbergCement AG",102000,22500,79500,"2021"
"Leonardo DRS","Italy","Leonardo SpA",204000,76500,127500,"2021"
"Liberty Utilities (Algonquin Power & Utilities)","Canada","Algonquin Power & Utilities",0,0,0,"2021"
"Lincare Holdings (Linde plc)","UK","Linde plc",23500,6000,17500,"2021"
"Linde plc (Linde plc)","UK","Linde Plc",11000,11000,0,"2021"
"Livanova USA","UK","Livanova Plc",6000,4000,2000,"2021"
"Louis Dreyfus Co","Netherlands","Louis Dreyfus Group",2000,0,2000,"2021"
"LSEG US","UK","London Stock Exchange Group",2000,2000,0,"2021"
"Lundbeck Inc","Denmark","H Lundbeck A/S",127400,72400,55000,"2021"
"LyondellBasell Industries","Netherlands","LyondellBasell Industries",95000,41500,53500,"2021"
"Maersk Inc (AP Moller-Maersk)","Denmark","AP Moller-Maersk",60500,29500,31000,"2021"
"Mallinckrodt Pharmaceuticals","UK","Mallinckrodt Plc",500,4500,-4000,"2021"
"Maxar Technologies (Maxar Technologies)","Canada","Maxar Technologies",173500,93000,78000,"2021"
"MBDA Inc","UK","MBDA",1000,0,1000,"2021"
"Medtronic Inc","Ireland","Medtronic Plc",225000,119000,106000,"2021"
"Mercedes-Benz USA (Daimler AG)","Germany","Daimler AG",3500,0,3500,"2021"
"Messer North America","Germany","Messer Group",28500,12000,16500,"2021"
"Mitsubishi Power","Japan","Mitsubishi Power",1000,0,1000,"2021"
"Molson Coors Beverage Co (Molson Coors Brewing)","Canada","Molson Coors Brewing",77500,23000,54500,"2021"
"MUFG Americas","Japan","Mitsubishi UFJ Financial Group",0,0,0,"2021"
"Munich American Reassurance","Germany","Munich Re Group",12500,5000,7500,"2021"
"Nammo Inc (Nammo AS)","Norway","Nammo AS",9000,2000,7000,"2021"
"National Grid USA (National Grid plc)","UK","National Grid plc",58500,49500,9000,"2021"
"Nestle Purina PetCare (Nestle SA)","Switzerland","Nestle SA",0,0,0,"2021"
"Nomura Holding America","Japan","Nomura Holdings",49500,19500,30000,"2021"
"NOVA Chemicals","United Arab Emirates","International Petroleum Investment Co",0,0,0,"2021"
"Novartis Corp (Novartis AG)","Switzerland","Novartis AG",281500,159500,122000,"2021"
"Novo Nordisk","Denmark","Novo Nordisk A/S",288250,147250,141000,"2021"
"Novocure Inc","UK","Novocure",94500,46000,48500,"2021"
"Nutrien Ag Solutions","Canada","Nutrien Ltd",46500,15000,31500,"2021"
"Otsuka America (Otsuka Pharmaceutical)","Japan","Otsuka Pharmaceutical",125500,71500,54000,"2021"
"Permobil Inc (Investor AB)","Sweden","Investor AB",1000,1000,0,"2021"
"Pernod Ricard USA","France","Pernod Ricard SA",27000,13500,13500,"2021"
"Pharmavite LLC (Otsuka Pharmaceutical)","Japan","Otsuka Pharmaceutical",94500,50000,44500,"2021"
"Philips Electronics North America (Philips)","Netherlands","Philips",119750,54250,65500,"2021"
"Prime Policy Group (WPP Group)","UK","WPP Group",42750,24500,18250,"2021"
"Protective Life Corp (Dai-Ichi Life)","Japan","Dai-Ichi Life",177000,46500,130500,"2021"
"Purpose Financial (Grupo Salinas)","Mexico","Grupo Salinas",46500,18500,28000,"2021"
"Putnam Investments (Power Financial Corp)","Canada","Power Financial Corp",11500,5500,6000,"2021"
"RBC Bank (Royal Bank of Canada)","Canada","Royal Bank of Canada",91500,45000,46500,"2021"
"Recurrent Energy","Canada","Canadian Solar",13900,9900,4000,"2021"
"RELX Inc","UK","RELX Group",94500,58500,36000,"2021"
"Resolute FP US","Canada","Resolute Forest Products",75500,5500,70000,"2021"
"Reynolds American (British American Tobacco)","UK","British American Tobacco plc",242100,63600,178500,"2021"
"Rio Tinto America","UK","Rio Tinto Group",33500,14500,19000,"2021"
"Roche Diagnostics (Roche Holdings)","Switzerland","Roche Holdings",103000,50000,53000,"2021"
"Rolls-Royce North America (Rolls-Royce PLC)","UK","Rolls-Royce PLC",234000,87000,147000,"2021"
"Saab North America","Sweden","Saab AB",4500,2500,2000,"2021"
"Sabic Innovative Plastics","Saudi Arabia","SABIC",7000,6000,1000,"2021"
"Safelite Group","Belgium","D'Ieteren SA",3500,3500,0,"2021"
"Samsung Electronics America","South Korea","Samsung Group",394000,214500,179500,"2021"
"Sanofi US (Sanofi)","France","Sanofi",233000,122500,110500,"2021"
"Santander Bank (Banco Santander)","Spain","Banco Santander",86500,54000,32500,"2021"
"SAP America","Germany","SAP SE",88500,43500,45000,"2021"
"Schwan's Co","South Korea","CJ CheilJedang",162500,49000,113500,"2021"
"Securitas Security Services USA","Sweden","Securitas AB",0,0,0,"2021"
"Serco Inc","UK","Serco Group",117500,69000,48500,"2021"
"Shell USA","UK","Shell plc",5000,0,5000,"2021"
"Siemens Corp (Siemens AG)","Germany","Siemens AG",184000,101500,82500,"2021"
"Smith & Nephew","UK","Smith & Nephew Plc",96000,56500,39500,"2021"
"Smithfield Foods","China","WH Group",41000,19000,22000,"2021"
"Smiths Group Services Corp (Smiths Group)","UK","Smiths Group PLC",33500,16500,17000,"2021"
"Smiths Group Services Corp (Smiths Group)","UK","Smiths Group PLC",29948,13500,16448,"2021"
"Sodexo Inc","France","Sodexo",2900,2900,0,"2021"
"Solvay America","Belgium","Solvay SA",65000,35500,29500,"2021"
"Sony Music Entertainment (Sony Corp)","Japan","Sony Corp",32500,19500,13000,"2021"
"Sony Pictures Entertainment (Sony Corp)","Japan","Sony Corp",42500,26000,16500,"2021"
"Spark Therapeutics (Roche Holdings)","Switzerland","Roche Holdings",8500,6500,2000,"2021"
"SSAB Americas","Sweden","SSAB AB",31500,9000,22500,"2021"
"Standard Insurance Co","Japan","Meiji Yasuda Life Insurance",4500,2000,2500,"2021"
"Steris Corp","Ireland","Steris PLC",65000,27500,37500,"2021"
"SUEZ Water","France","SUEZ Environnement",20500,18500,2000,"2021"
"Sun Life Financial (Sun Life Financial)","Canada","Sun Life Financial",132000,75000,57000,"2021"
"Sunovion Pharmaceuticals (Sumitomo Chemical)","Japan","Sumitomo Chemical",107200,51900,55300,"2021"
"Sunpower Corp","France","TotalEnergies",32000,28500,3500,"2021"
"Swedish Match North America (Swedish Match AB)","Sweden","Swedish Match AB",5000,0,5000,"2021"
"Swiss Re America","Switzerland","Swiss Reinsurance",0,0,0,"2021"
"Syngenta Corp","China","ChemChina",207000,56000,151000,"2021"
"Tabacalera USA (Imperial Brands)","UK","Imperial Brands",4321,2300,2021,"2021"
"Takeda Pharmaceuticals USA (Takeda Pharmaceutical Co)","Japan","Takeda Pharmaceutical Co",207500,119000,88500,"2021"
"TD Bank USA","Canada","Toronto-Dominion Bank",259500,144500,114000,"2021"
"TE Connectivity","Switzerland","TE Connectivity",92000,39500,52500,"2021"
"TECO Energy","Canada","Emera Inc",37000,4500,32500,"2021"
"Teva Pharmaceuticals USA","Israel","Teva Pharmaceutical Industries",72400,34500,37900,"2021"
"Toyota Motor North America","Japan","Toyota Motor Corp",1053977,538097,515880,"2021"
"Trane Technologies","Ireland","Trane Technologies",26300,3300,23000,"2021"
"TransAmerica","Netherlands","Aegon NV",418500,211000,207500,"2021"
"Transcanada USA Services (TC Energy)","Canada","TC Energy",138500,30500,108000,"2021"
"UBS Americas","Switzerland","UBS AG",1470000,775000,695000,"2021"
"UCB Inc (UCB SA)","Belgium","UCB SA",52500,31000,21500,"2021"
"Ultra Electronics USA","UK","Ultra Electronics",80000,13500,66500,"2021"
"Universal Music Group (Universal Music Group)","Netherlands","Universal Music Group NV",131000,76000,55000,"2021"
"Valent USA (Sumitomo Chemical)","Japan","Sumitomo Chemical",8000,4500,3500,"2021"
"Varian Medical Systems (Siemens AG)","Germany","Siemens AG",65800,39300,26500,"2021"
"VNA Holding (AB Volvo)","Sweden","AB Volvo",67500,40000,27500,"2021"
"VT Halter Marine","Singapore","ST Engineering",18000,1000,17000,"2021"
"Washington Gas Light Co (AltaGas Ltd)","Canada","AltaGas Ltd",23400,14400,9000,"2021"
"Westinghouse Electric","Canada","Brookfield Business Partners",41000,15000,26000,"2021"
"WSP USA","Canada","WSP Global",64750,44250,20500,"2021"
"ZF Automotive US (ZF Friedrichshafen AG)","Germany","ZF Friedrichshafen AG",-2000,0,-2000,"2021"
"Zurich Insurance (Zurich Insurance Group)","Switzerland","Zurich Insurance Group",308000,144000,164000,"2021"
"Accenture (Accenture)","Ireland","Accenture plc",3000,0,3000,"2022"
"Acreage Holdings","Canada","Acreage Holdings",0,0,0,"2022"
"Air Liquide America","France","L'Air Liquide SA",17300,14800,2500,"2022"
"Airbus Group","Netherlands","Airbus Group",193500,82500,111000,"2022"
"Alexion Pharmaceuticals (AstraZeneca PLC)","UK","AstraZeneca PLC",186250,104000,82250,"2022"
"Alkermes Inc","Ireland","Alkermes Plc",84500,34500,50000,"2022"
"Allianz of America (Allianz)","Germany","Allianz AG Holding",31500,20500,11000,"2022"
"AMG Vanadium","Netherlands","AMG Advanced Metallurgical Group",2525,0,2525,"2022"
"Anheuser-Busch (Anheuser-Busch InBev)","Belgium","Anheuser-Busch InBev",457500,218000,239500,"2022"
"AON Corp (AON plc)","UK","AON PLC",98500,52000,46500,"2022"
"APL Maritime (CMA CGM)","France","CMA CGM SA",19000,8000,11000,"2022"
"Aptiv PLC","Ireland","Aptiv PLC",10350,5350,5000,"2022"
"Arcadis US (Arcadis NV)","Netherlands","Arcadis NV",1000,0,1000,"2022"
"Arch Capital Group (US)","UK","Arch Capital Group",8500,5500,3000,"2022"
"Arkema Inc","France","Arkema",51500,27000,24500,"2022"
"Ashton Woods Homes","Canada","Great Gulf Group",2500,0,2500,"2022"
"Assured Guaranty Municipal Corp (Assured Guaranty Corp)","UK","Assured Guaranty Ltd",112100,55500,56600,"2022"
"Astellas US","Japan","Astellas Pharma",145500,63500,82000,"2022"
"AstraZeneca Pharmaceuticals (AstraZeneca PLC)","UK","AstraZeneca PLC",310750,128500,182250,"2022"
"Atkins North America","UK","SNC-Lavalin",18000,5000,13000,"2022"
"Austal USA","Australia","Austal Ltd",50200,5000,45200,"2022"
"Avangrid Inc (Iberdrola SA)","Spain","Iberdrola SA",155000,103000,52000,"2022"
"Bacardi USA","UK","Bacardi Ltd",46200,19500,25700,"2022"
"BAE Systems (BAE Systems)","UK","BAE Systems",739500,320000,419500,"2022"
"Barclays Group US","UK","Barclays plc",123000,49500,73500,"2022"
"Barrick Goldstrike Mines","Canada","Barrick Gold Corp",14500,11000,3500,"2022"
"BASF Corp","Germany","BASF SE",412000,222000,190000,"2022"
"Bayer Corp (Bayer AG)","Germany","Bayer AG",209500,117500,92000,"2022"
"Beam Suntory (Suntory Holdings)","Japan","Suntory Holdings",46000,26000,20000,"2022"
"BMO Financial Corp (Bank of Montreal)","Canada","Bank of Montreal",0,0,0,"2022"
"BMO Financial Corp (Bank of Montreal)","Canada","Bank of Montreal",193000,101000,92000,"2022"
"Boehringer Ingelheim Corp","Germany","CH Boehringer Sohn",182900,86900,96000,"2022"
"Bombardier Aerospace (Bombardier Inc)","Canada","Bombardier Inc",36500,16500,20000,"2022"
"BP North America","UK","BP PLC",-2000,0,-2000,"2022"
"Bridgestone Americas","Japan","Bridgestone Corp",29500,15000,14500,"2022"
"Bumble Bee Foods (FCF Co)","Taiwan","FCF Co",6000,6000,0,"2022"
"CAE USA","Canada","CAE Inc",11000,6000,5000,"2022"
"CalPortland Co","Japan","Taiheiyo Cement Co",214000,13000,201000,"2022"
"Carmeuse Lime","Netherlands","Carmeuse SA",1000,0,1000,"2022"
"Case New Holland","Netherlands","CNH Industrial",101000,5000,96000,"2022"
"CEMEX Inc","Mexico","CEMEX SAB de CV",42500,16500,26000,"2022"
"CGI Technologies & Solutions","Canada","CGI Group",48000,40000,8000,"2022"
"Chubb Group of Insurance Companies","Switzerland","Chubb Ltd",98000,51500,46500,"2022"
"CIBC Bancorp","Canada","Canadian Imperial Bank of Commerce",2000,2000,0,"2022"
"Cirrus Aircraft Corp","China","Aviation Industry Corp of China",0,0,0,"2022"
"Continental Automotive Systems (Continental AG)","Germany","Continental AG",59000,31000,28000,"2022"
"Covestro LLC (Covestro AG)","Germany","Covestro AG",14000,9500,4500,"2022"
"Credit Suisse Securities","Switzerland","Credit Suisse Group",55000,25000,30000,"2022"
"CRH Americas (CRH PLC)","Ireland","CRH PLC",549600,208500,341100,"2022"
"Cronos USA","Canada","Cronos Group",33000,21000,12000,"2022"
"CSL Behring","Australia","CSL Ltd",55100,32700,22400,"2022"
"Delhaize America","Belgium","Ahold Delhaize",43500,19000,24500,"2022"
"Deutsche Bank Securities","Germany","Deutsche Bank AG",0,0,0,"2022"
"Diageo North America (Diageo PLC)","UK","Diageo PLC",17575,12575,5000,"2022"
"Eaton Corp (Eaton Corp)","Ireland","Eaton Plc",52353,24500,27853,"2022"
"EDF Renewables (EDF Group)","France","EDF Group",38000,32500,5500,"2022"
"EDP Renewables NA","Portugal","EDP - Energias de Portugal",22000,20500,1500,"2022"
"Eisai Inc","Japan","Eisai Co Ltd",23100,11300,11800,"2022"
"Elbit Systems of America","Israel","Elbit Systems Ltd",63000,16500,46500,"2022"
"Electrolux Home Products","Sweden","AB Electrolux",4500,1500,3000,"2022"
"Elekta Inc (Elekta AB)","Sweden","Elekta AB",88100,41500,46600,"2022"
"Embraer Aircraft Holdings","Brazil","Embraer-Empresa Brasileira de Aeronautic",61000,18500,42500,"2022"
"EMD Serono Inc","Germany","Merck KGaA",149500,80000,69500,"2022"
"Empire District Electric (Algonquin Power & Utilities)","Canada","Algonquin Power & Utilities",-1000,-1000,0,"2022"
"Empower Retirement (Power Financial Corp)","Canada","Power Financial Corp",45500,18500,27000,"2022"
"Enbridge Inc","Canada","Enbridge Inc",84500,23500,61000,"2022"
"Endo Pharmaceuticals","Ireland","Endo International",0,0,0,"2022"
"ENGIE North America","France","ENGIE",21500,17500,4000,"2022"
"Ericsson Inc","Sweden","Telefonaktiebolaget LM Ericsson",117500,59500,58000,"2022"
"Essent US Holdings","UK","Essent Group",10500,2500,8000,"2022"
"Experian","UK","Experian",554500,256500,298000,"2022"
"Farmers Group (Zurich Insurance Group)","Switzerland","Zurich Financial Services AG",262000,139000,123000,"2022"
"Fincantieri Marinette Marine","Italy","Fincantieri-Cantieri Navali Italiani SpA",19500,11000,8500,"2022"
"Finsbury Glover Hering (WPP Group)","UK","WPP Group",124250,71500,52750,"2022"
"Florida East Coast Industries (SoftBank Corp)","Japan","SoftBank Corp",62000,20500,41500,"2022"
"Florida East Coast Railway (Grupo Mexico)","Mexico","Grupo Mexico",2150,1850,300,"2022"
"Framatome (EDF Group)","France","EDF Group",32000,15000,17000,"2022"
"Fresenius Medical Care North America","Germany","Fresenius Medical Care",405500,180000,225500,"2022"
"G4S Secure Solutions","UK","G4S plc",2900,2900,0,"2022"
"Garmin International (Garmin Ltd)","Switzerland","Garmin Ltd",117000,39500,77500,"2022"
"GE Appliances","China","Haier Group",23000,5000,18000,"2022"
"Genentech Inc (Roche Holdings)","Switzerland","Roche Holdings",295000,154500,140500,"2022"
"General Cigar Co","Sweden","Scandinavian Tobacco Group",500,0,500,"2022"
"GenesisCare USA","Australia","GenesisCare",17000,9500,7500,"2022"
"Gerdau Ameristeel Corp","Brazil","Gerdau Inc",14000,6000,8000,"2022"
"Glanbia Foods (Glanbia PLC)","Ireland","Glanbia PLC",0,0,0,"2022"
"Grand Trunk Western-Illinois Central RR","Canada","Canadian National Railway",22000,7000,15000,"2022"
"Greyhound Lines","UK","FirstGroup PLC",10500,6000,4500,"2022"
"GSK plc","UK","GlaxoSmithKline",205000,54000,151000,"2022"
"Haleon plc","UK","Haleon plc",2500,0,2500,"2022"
"Hannover Life Reassurance Co","Germany","Hannover Re",17500,10000,7500,"2022"
"Hatch LTK (Hatch Ltd)","Canada","Hatch Ltd",5800,5800,0,"2022"
"Headwaters Inc","Australia","Boral Ltd",10500,1000,9500,"2022"
"Heineken USA","Netherlands","L'Arche Green NV",26000,14000,12000,"2022"
"Herbalife Nutrition","UK","Herbalife Ltd",85500,35500,50000,"2022"
"Holcim US (Holcim Group)","Switzerland","Holcim Group",37000,22000,15000,"2022"
"Horizon Therapeutics","Ireland","Horizon Pharma PLC",149000,89000,60000,"2022"
"HSBC North America (HSBC Holdings)","UK","HSBC Holdings",34500,11000,23500,"2022"
"HSBC North America (HSBC Holdings)","UK","HSBC Holdings",61000,36500,24500,"2022"
"IBI Group Engineering Services","Canada","IBI Group",150,0,150,"2022"
"IDEMIA Identity & Security (IDEMIA)","France","IDEMIA",29900,6000,23900,"2022"
"IGT Global Solutions","Italy","B&D Holding Di Marco Drago e C Sapa",42900,32900,10000,"2022"
"Infineon Technologies","Germany","Infineon Technologies AG",20000,12500,7500,"2022"
"Intelsat US","Luxembourg","Intelsat Holdings",49000,25500,23500,"2022"
"Intergraph Corp","Sweden","Hexagon AB",2900,0,2900,"2022"
"Ipsen Biopharmaceuticals","France","Ipsen SA",40000,22500,17500,"2022"
"ITG Brands (Imperial Brands)","UK","Imperial Brands",14000,5500,8500,"2022"
"Jackson National Life Insurance (Prudential PLC)","UK","Prudential PLC",169198,50998,118200,"2022"
"Jackson National Life Insurance (Prudential PLC)","UK","Prudential PLC",87000,50000,37000,"2022"
"JBS USA","Brazil","JBS SA",18500,7000,11500,"2022"
"John Hancock Life Insurance","Canada","Manulife Financial",94500,58500,36000,"2022"
"Johnson Controls (Johnson Controls International)","Ireland","Johnson Controls International",211500,117500,94000,"2022"
"Komatsu Mining","Japan","Komatsu Ltd",20599,9500,11099,"2022"
"Lanxess Corp (Lanxess AG)","Germany","Lanxess AG",0,0,0,"2022"
"Lehigh Hanson","Germany","HeidelbergCement AG",102000,22500,79500,"2022"
"Leonardo DRS","Italy","Leonardo SpA",204000,76500,127500,"2022"
"Liberty Utilities (Algonquin Power & Utilities)","Canada","Algonquin Power & Utilities",0,0,0,"2022"
"Lincare Holdings (Linde plc)","UK","Linde plc",23500,6000,17500,"2022"
"Linde plc (Linde plc)","UK","Linde Plc",11000,11000,0,"2022"
"Livanova USA","UK","Livanova Plc",6000,4000,2000,"2022"
"Louis Dreyfus Co","Netherlands","Louis Dreyfus Group",2000,0,2000,"2022"
"LSEG US","UK","London Stock Exchange Group",2000,2000,0,"2022"
"Lundbeck Inc","Denmark","H Lundbeck A/S",127400,72400,55000,"2022"
"LyondellBasell Industries","Netherlands","LyondellBasell Industries",95000,41500,53500,"2022"
"Maersk Inc (AP Moller-Maersk)","Denmark","AP Moller-Maersk",60500,29500,31000,"2022"
"Mallinckrodt Pharmaceuticals","UK","Mallinckrodt Plc",500,4500,-4000,"2022"
"Maxar Technologies (Maxar Technologies)","Canada","Maxar Technologies",173500,93000,78000,"2022"
"MBDA Inc","UK","MBDA",1000,0,1000,"2022"
"Medtronic Inc","Ireland","Medtronic Plc",225000,119000,106000,"2022"
"Mercedes-Benz USA (Daimler AG)","Germany","Daimler AG",3500,0,3500,"2022"
"Messer North America","Germany","Messer Group",28500,12000,16500,"2022"
"Mitsubishi Power","Japan","Mitsubishi Power",1000,0,1000,"2022"
"Molson Coors Beverage Co (Molson Coors Brewing)","Canada","Molson Coors Brewing",77500,23000,54500,"2022"
"MUFG Americas","Japan","Mitsubishi UFJ Financial Group",0,0,0,"2022"
"Munich American Reassurance","Germany","Munich Re Group",12500,5000,7500,"2022"
"Nammo Inc (Nammo AS)","Norway","Nammo AS",9000,2000,7000,"2022"
"National Grid USA (National Grid plc)","UK","National Grid plc",58500,49500,9000,"2022"
"Nestle Purina PetCare (Nestle SA)","Switzerland","Nestle SA",0,0,0,"2022"
"Nomura Holding America","Japan","Nomura Holdings",49500,19500,30000,"2022"
"NOVA Chemicals","United Arab Emirates","International Petroleum Investment Co",0,0,0,"2022"
"Novartis Corp (Novartis AG)","Switzerland","Novartis AG",281500,159500,122000,"2022"
"Novo Nordisk","Denmark","Novo Nordisk A/S",288250,147250,141000,"2022"
"Novocure Inc","UK","Novocure",94500,46000,48500,"2022"
"Nutrien Ag Solutions","Canada","Nutrien Ltd",46500,15000,31500,"2022"
"Otsuka America (Otsuka Pharmaceutical)","Japan","Otsuka Pharmaceutical",125500,71500,54000,"2022"
"Permobil Inc (Investor AB)","Sweden","Investor AB",1000,1000,0,"2022"
"Pernod Ricard USA","France","Pernod Ricard SA",27000,13500,13500,"2022"
"Pharmavite LLC (Otsuka Pharmaceutical)","Japan","Otsuka Pharmaceutical",94500,50000,44500,"2022"
"Philips Electronics North America (Philips)","Netherlands","Philips",119750,54250,65500,"2022"
"Prime Policy Group (WPP Group)","UK","WPP Group",42750,24500,18250,"2022"
"Protective Life Corp (Dai-Ichi Life)","Japan","Dai-Ichi Life",177000,46500,130500,"2022"
"Purpose Financial (Grupo Salinas)","Mexico","Grupo Salinas",46500,18500,28000,"2022"
"Putnam Investments (Power Financial Corp)","Canada","Power Financial Corp",11500,5500,6000,"2022"
"RBC Bank (Royal Bank of Canada)","Canada","Royal Bank of Canada",91500,45000,46500,"2022"
"Recurrent Energy","Canada","Canadian Solar",13900,9900,4000,"2022"
"RELX Inc","UK","RELX Group",94500,58500,36000,"2022"
"Resolute FP US","Canada","Resolute Forest Products",75500,5500,70000,"2022"
"Reynolds American (British American Tobacco)","UK","British American Tobacco plc",242100,63600,178500,"2022"
"Rio Tinto America","UK","Rio Tinto Group",33500,14500,19000,"2022"
"Roche Diagnostics (Roche Holdings)","Switzerland","Roche Holdings",103000,50000,53000,"2022"
"Rolls-Royce North America (Rolls-Royce PLC)","UK","Rolls-Royce PLC",234000,87000,147000,"2022"
"Saab North America","Sweden","Saab AB",4500,2500,2000,"2022"
"Sabic Innovative Plastics","Saudi Arabia","SABIC",7000,6000,1000,"2022"
"Safelite Group","Belgium","D'Ieteren SA",3500,3500,0,"2022"
"Samsung Electronics America","South Korea","Samsung Group",394000,214500,179500,"2022"
"Sanofi US (Sanofi)","France","Sanofi",233000,122500,110500,"2022"
"Santander Bank (Banco Santander)","Spain","Banco Santander",86500,54000,32500,"2022"
"SAP America","Germany","SAP SE",88500,43500,45000,"2022"
"Schwan's Co","South Korea","CJ CheilJedang",162500,49000,113500,"2022"
"Securitas Security Services USA","Sweden","Securitas AB",0,0,0,"2022"
"Serco Inc","UK","Serco Group",117500,69000,48500,"2022"
"Shell USA","UK","Shell plc",5000,0,5000,"2022"
"Siemens Corp (Siemens AG)","Germany","Siemens AG",184000,101500,82500,"2022"
"Smith & Nephew","UK","Smith & Nephew Plc",96000,56500,39500,"2022"
"Smithfield Foods","China","WH Group",41000,19000,22000,"2022"
"Smiths Group Services Corp (Smiths Group)","UK","Smiths Group PLC",33500,16500,17000,"2022"
"Smiths Group Services Corp (Smiths Group)","UK","Smiths Group PLC",29948,13500,16448,"2022"
"Sodexo Inc","France","Sodexo",2900,2900,0,"2022"
"Solvay America","Belgium","Solvay SA",65000,35500,29500,"2022"
"Sony Music Entertainment (Sony Corp)","Japan","Sony Corp",32500,19500,13000,"2022"
"Sony Pictures Entertainment (Sony Corp)","Japan","Sony Corp",42500,26000,16500,"2022"
"Spark Therapeutics (Roche Holdings)","Switzerland","Roche Holdings",8500,6500,2000,"2022"
"SSAB Americas","Sweden","SSAB AB",31500,9000,22500,"2022"
"Standard Insurance Co","Japan","Meiji Yasuda Life Insurance",4500,2000,2500,"2022"
"Steris Corp","Ireland","Steris PLC",65000,27500,37500,"2022"
"SUEZ Water","France","SUEZ Environnement",20500,18500,2000,"2022"
"Sun Life Financial (Sun Life Financial)","Canada","Sun Life Financial",132000,75000,57000,"2022"
"Sunovion Pharmaceuticals (Sumitomo Chemical)","Japan","Sumitomo Chemical",107200,51900,55300,"2022"
"Sunpower Corp","France","TotalEnergies",32000,28500,3500,"2022"
"Swedish Match North America (Swedish Match AB)","Sweden","Swedish Match AB",5000,0,5000,"2022"
"Swiss Re America","Switzerland","Swiss Reinsurance",0,0,0,"2022"
"Syngenta Corp","China","ChemChina",207000,56000,151000,"2022"
"Tabacalera USA (Imperial Brands)","UK","Imperial Brands",4321,2300,2021,"2022"
"Takeda Pharmaceuticals USA (Takeda Pharmaceutical Co)","Japan","Takeda Pharmaceutical Co",207500,119000,88500,"2022"
"TD Bank USA","Canada","Toronto-Dominion Bank",259500,144500,114000,"2022"
"TE Connectivity","Switzerland","TE Connectivity",92000,39500,52500,"2022"
"TECO Energy","Canada","Emera Inc",37000,4500,32500,"2022"
"Teva Pharmaceuticals USA","Israel","Teva Pharmaceutical Industries",72400,34500,37900,"2022"
"Toyota Motor North America","Japan","Toyota Motor Corp",1053977,538097,515880,"2022"
"Trane Technologies","Ireland","Trane Technologies",26300,3300,23000,"2022"
"TransAmerica","Netherlands","Aegon NV",418500,211000,207500,"2022"
"Transcanada USA Services (TC Energy)","Canada","TC Energy",138500,30500,108000,"2022"
"UBS Americas","Switzerland","UBS AG",1470000,775000,695000,"2022"
"UCB Inc (UCB SA)","Belgium","UCB SA",52500,31000,21500,"2022"
"Ultra Electronics USA","UK","Ultra Electronics",80000,13500,66500,"2022"
"Universal Music Group (Universal Music Group)","Netherlands","Universal Music Group NV",131000,76000,55000,"2022"
"Valent USA (Sumitomo Chemical)","Japan","Sumitomo Chemical",8000,4500,3500,"2022"
"Varian Medical Systems (Siemens AG)","Germany","Siemens AG",65800,39300,26500,"2022"
"VNA Holding (AB Volvo)","Sweden","AB Volvo",67500,40000,27500,"2022"
"VT Halter Marine","Singapore","ST Engineering",18000,1000,17000,"2022"
"Washington Gas Light Co (AltaGas Ltd)","Canada","AltaGas Ltd",23400,14400,9000,"2022"
"Westinghouse Electric","Canada","Brookfield Business Partners",41000,15000,26000,"2022"
"WSP USA","Canada","WSP Global",64750,44250,20500,"2022"
"ZF Automotive US (ZF Friedrichshafen AG)","Germany","ZF Friedrichshafen AG",-2000,0,-2000,"2022"
"Zurich Insurance (Zurich Insurance Group)","Switzerland","Zurich Insurance Group",308000,144000,164000,"2022"
